timestamp,date,open,close,volume,change
2025-10-21,2025-10-21,110608.5714932665,110608.5714932665,60452111148.140076,1.8296960701498222
2025-10-20,2025-10-20,108621.134857428,108621.134857428,45373692612.394394,1.3672882851026413
2025-10-19,2025-10-19,107156.00337647724,107156.00337647724,34412835719.61292,0.6692664910380453
2025-10-18,2025-10-18,106443.61194984635,106443.61194984635,94325236794.78163,-1.5110715242155237
2025-10-17,2025-10-17,108076.72862033188,108076.72862033188,84773160808.27399,-2.3773576159506815
2025-10-16,2025-10-16,110708.66960879423,110708.66960879423,68877328886.40259,-2.163285650693325
2025-10-15,2025-10-15,113156.56943826913,113156.56943826913,91211854988.91518,-1.7928073708768921
2025-10-14,2025-10-14,115222.28302116522,115222.28302116522,68935270367.04033,0.0283980199108802
2025-10-13,2025-10-13,115189.5714637257,115189.5714637257,93857100744.12454,3.911892562312791
2025-10-12,2025-10-12,110853.11663883903,110853.11663883903,108643865752.17674,-2.074724283604612
2025-10-11,2025-10-11,113201.74064138904,113201.74064138904,151002213089.8765,-6.981452353643814
2025-10-10,2025-10-10,121698.03066778315,121698.03066778315,72097306668.91356,-1.3412570819882008
2025-10-09,2025-10-09,123352.50487523204,123352.50487523204,62576032795.36722,1.5090254383865354
2025-10-08,2025-10-08,121518.75593575071,121518.75593575071,76087884719.80028,-2.6085283175452445
2025-10-07,2025-10-07,124773.50823074432,124773.50823074432,69605991064.72382,1.0261211034997553
2025-10-06,2025-10-06,123506.18520027678,123506.18520027678,72011486031.26575,0.9194635557218778
2025-10-05,2025-10-05,122380.93708463266,122380.93708463266,35161626561.80918,0.10698163904563351
2025-10-04,2025-10-04,122250.15186842803,122250.15186842803,83155430408.51796,1.3584357842897132
2025-10-03,2025-10-03,120611.71911591051,120611.71911591051,71252850672.75252,1.7792547427457839
2025-10-02,2025-10-02,118503.24451752483,118503.24451752483,69920179085.4708,3.9281271770470028
2025-10-01,2025-10-01,114024.22783550054,114024.22783550054,57718901820.70616,-0.2492561397482218
2025-09-30,2025-09-30,114309.15041119447,114309.15041119447,57833295882.65785,1.9319841819074535
2025-09-29,2025-09-29,112142.57362752674,112142.57362752674,31274654338.51212,2.268722559446301
2025-09-28,2025-09-28,109654.81021075726,109654.81021075726,23294896964.31016,-0.05049533361849434
2025-09-27,2025-09-27,109710.20874667744,109710.20874667744,55257214020.568245,0.6852555252105486
2025-09-26,2025-09-26,108963.53013595635,108963.53013595635,74481796351.47305,-3.8448791641434665
2025-09-25,2025-09-25,113320.56908541008,113320.56908541008,46677543220.334526,1.1590591885226376
2025-09-24,2025-09-24,112022.16587861195,112022.16587861195,46154878824.043465,-0.5985755510039215
2025-09-23,2025-09-23,112696.74101711863,112696.74101711863,69152342029.46799,-2.2616111508294012
2025-09-22,2025-09-22,115304.47999407038,115304.47999407038,18659113982.495464,-0.35521198038208635
2025-09-21,2025-09-21,115715.51536781774,115715.51536781774,18774953731.290394,0.05162291731350965
2025-09-20,2025-09-20,115655.81046441344,115655.81046441344,34296721252.33001,-1.2716533606078717
2025-09-19,2025-09-19,117145.49508952006,117145.49508952006,43642467075.25838,0.5921111184923111
2025-09-18,2025-09-18,116455.94648225319,116455.94648225319,54740952295.37868,-0.2628431945523202
2025-09-17,2025-09-17,116762.8496864193,116762.8496864193,39964451595.099724,1.1833877556614025
2025-09-16,2025-09-16,115397.25272727509,115397.25272727509,46947581231.08198,0.020539514702488937
2025-09-15,2025-09-15,115373.55555886829,115373.55555886829,26889399414.610912,-0.5148109981138904
2025-09-14,2025-09-14,115970.58488443034,115970.58488443034,30063858747.76022,-0.16318726534870764
2025-09-13,2025-09-13,116160.14344594491,116160.14344594491,51192951485.864395,0.5687954998741418
2025-09-12,2025-09-12,115503.16663193036,115503.16663193036,43752917632.95067,1.3405021996247157
2025-09-11,2025-09-11,113975.32489468766,113975.32489468766,52205187155.05567,2.1765495826905124
2025-09-10,2025-09-10,111547.43956434788,111547.43956434788,45338021458.38368,-0.4264125576439848
2025-09-09,2025-09-09,112025.12878118771,112025.12878118771,37159847899.8603,0.8036717196953314
2025-09-08,2025-09-08,111131.9923868407,111131.9923868407,22147049159.335133,0.8373199838440648
2025-09-07,2025-09-07,110209.1888247784,110209.1888247784,19340758702.076332,-0.409346984576231
2025-09-06,2025-09-06,110662.18112628513,110662.18112628513,56020470627.40665,-0.05649618436445181
2025-09-05,2025-09-05,110724.736377486,110724.736377486,38708366685.43147,-0.8833318190754058
2025-09-04,2025-09-04,111711.51977725117,111711.51977725117,36406080683.42747,0.4688702446187243
2025-09-03,2025-09-03,111190.18209845416,111190.18209845416,50235464642.845955,1.8573164518261631
2025-09-02,2025-09-02,109162.68557992298,109162.68557992298,42999610648.39302,0.8399966969213635
2025-09-01,2025-09-01,108253.36092385623,108253.36092385623,26140904019.246822,-0.48592282086233896
2025-08-31,2025-08-31,108781.95727925687,108781.95727925687,27799981330.792213,0.2780694691349561
2025-08-30,2025-08-30,108480.30666639366,108480.30666639366,51702115726.38959,-3.594996012936935
2025-08-29,2025-08-29,112525.59740669793,112525.59740669793,34222495087.206894,1.1774489389774878
2025-08-28,2025-08-28,111216.08479629169,111216.08479629169,36957904262.995804,-0.5602736167209299
2025-08-27,2025-08-27,111842.70999260596,111842.70999260596,43023800053.0546,1.504152309569573
2025-08-26,2025-08-26,110185.35443900425,110185.35443900425,52854872363.936554,-2.834397559269386
2025-08-25,2025-08-25,113399.54847314971,113399.54847314971,40682656776.69001,-1.6994064450052804
2025-08-24,2025-08-24,115359.98346714744,115359.98346714744,27306719885.257973,-1.2618440409482456
2025-08-23,2025-08-23,116834.24948202295,116834.24948202295,50878158870.82928,3.931746834601957
2025-08-22,2025-08-22,112414.39987336512,112414.39987336512,32048202090.65466,-1.6087169442138394
2025-08-21,2025-08-21,114252.39755195397,114252.39755195397,42166369117.006935,1.307035245591548
2025-08-20,2025-08-20,112778.34483555844,112778.34483555844,46156885037.403885,-2.9917213588978364
2025-08-19,2025-08-19,116256.41276740946,116256.41276740946,47337926940.98573,-1.0944300346511282
2025-08-18,2025-08-18,117542.83687778088,117542.83687778088,20906566026.645443,0.03542120248538616
2025-08-17,2025-08-17,117501.21653394958,117501.21653394958,23202714236.542347,0.13757023870593077
2025-08-16,2025-08-16,117339.79190213277,117339.79190213277,44268714220.021,-0.9001296677927928
2025-08-15,2025-08-15,118405.59579823953,118405.59579823953,73822008367.99681,-4.17235058236124
2025-08-14,2025-08-14,123560.99363577305,123560.99363577305,61818118105.53991,2.7939999641370283
2025-08-13,2025-08-13,120202.53485503166,120202.53485503166,46941089789.57991,1.202904387272108
2025-08-12,2025-08-12,118773.79960860992,118773.79960860992,61739781527.95854,-0.4134637993707724
2025-08-11,2025-08-11,119266.92516880555,119266.92516880555,37157754754.85189,2.366182517106208
2025-08-10,2025-08-10,116510.08393213755,116510.08393213755,27638785406.21056,-0.15278532459491734
2025-08-09,2025-08-09,116688.36663186055,116688.36663186055,33017415812.97353,-0.6598714044681042
2025-08-08,2025-08-08,117463.47451085235,117463.47451085235,38289687095.00489,2.122530220159735
2025-08-07,2025-08-07,115022.09576830892,115022.09576830892,32052509631.058872,0.7831022243575125
2025-08-06,2025-08-06,114128.35408881678,114128.35408881678,37316213251.97167,-0.877491376563122
2025-08-05,2025-08-05,115138.68613070177,115138.68613070177,32488023582.82734,0.822752882096589
2025-08-04,2025-08-04,114199.10966460757,114199.10966460757,24689273719.085533,1.4608047348158903
2025-08-03,2025-08-03,112554.90232221723,112554.90232221723,33543439044.09785,-0.6002606811719935
2025-08-02,2025-08-02,113234.6051343189,113234.6051343189,65794680822.25255,-2.130853286831491
2025-08-01,2025-08-01,115700.00243915782,115700.00243915782,45238249453.35885,-1.810387650268086
2025-07-31,2025-07-31,117833.24087995925,117833.24087995925,43054424656.58649,-0.01702798916839443
2025-07-30,2025-07-30,117853.30892863822,117853.30892863822,42860287143.68828,-0.12710922904479727
2025-07-29,2025-07-29,118003.30201607826,118003.30201607826,43433742203.62158,-1.1854169388334723
2025-07-28,2025-07-28,119418.91405141471,119418.91405141471,30220402191.467663,1.2371798659216893
2025-07-27,2025-07-27,117959.54234360624,117959.54234360624,25145925063.881348,0.3562456125260516
2025-07-26,2025-07-26,117540.80837085741,117540.80837085741,91617702596.10347,-0.6874493569503426
2025-07-25,2025-07-25,118354.43517438594,118354.43517438594,51940414419.3327,-0.23149531527343337
2025-07-24,2025-07-24,118629.05588130427,118629.05588130427,45225685167.61703,-1.1060239457067356
2025-07-23,2025-07-23,119955.79570607653,119955.79570607653,58939000420.94166,2.1052723296370646
2025-07-22,2025-07-22,117482.46977767294,117482.46977767294,46344384345.39471,0.19235449287162698
2025-07-21,2025-07-21,117256.9208222684,117256.9208222684,36702153882.06748,-0.546816660258409
2025-07-20,2025-07-20,117901.62655900871,117901.62655900871,23934511126.349533,-0.07400700492072865
2025-07-19,2025-07-19,117988.94664455787,117988.94664455787,58896449260.69391,-1.2193177669899469
2025-07-18,2025-07-18,119445.36520434043,119445.36520434043,49282617205.72662,0.5871269512696342
2025-07-17,2025-07-17,118748.1627367753,118748.1627367753,50374263848.76278,0.0
