timestamp,date,open,high,low,close,volume
2025-08-09 19:08:36.104,2025-08-09,116647.05734217919,116647.05734217919,116647.05734217919,116647.05734217919,26951577324.78275
2025-08-09 20:09:30.112,2025-08-09,116541.07584253287,116541.07584253287,116541.07584253287,116541.07584253287,26412845933.74825
2025-08-09 21:09:42.014,2025-08-09,116772.10508620345,116772.10508620345,116772.10508620345,116772.10508620345,27357651827.322956
2025-08-09 22:00:52.671,2025-08-09,116558.88597472935,116558.88597472935,116558.88597472935,116558.88597472935,27655330525.38579
2025-08-09 23:03:31.847,2025-08-09,116566.51461542826,116566.51461542826,116566.51461542826,116566.51461542826,27408872586.289906
2025-08-10 00:04:22.718,2025-08-10,116500.75461167548,116500.75461167548,116500.75461167548,116500.75461167548,26325306630.626644
2025-08-10 01:04:44.413,2025-08-10,116751.1710115442,116751.1710115442,116751.1710115442,116751.1710115442,28103053274.2696
2025-08-10 02:09:51.382,2025-08-10,116590.00131863818,116590.00131863818,116590.00131863818,116590.00131863818,27981901269.512142
2025-08-10 03:09:40.062,2025-08-10,117185.6437180893,117185.6437180893,117185.6437180893,117185.6437180893,28059291532.336197
2025-08-10 04:09:40.094,2025-08-10,118538.65921139685,118538.65921139685,118538.65921139685,118538.65921139685,33334835740.804104
2025-08-10 05:05:34.524,2025-08-10,118475.54198995137,118475.54198995137,118475.54198995137,118475.54198995137,33886596916.38947
2025-08-10 06:08:46.539,2025-08-10,118131.42066249595,118131.42066249595,118131.42066249595,118131.42066249595,32782677314.742798
2025-08-10 07:02:32.178,2025-08-10,118090.62338617022,118090.62338617022,118090.62338617022,118090.62338617022,33408549470.167046
2025-08-10 08:09:49.498,2025-08-10,117703.56878418477,117703.56878418477,117703.56878418477,117703.56878418477,34405078038.78227
2025-08-10 09:04:25.722,2025-08-10,118334.58450952364,118334.58450952364,118334.58450952364,118334.58450952364,33944618646.15598
2025-08-10 10:03:31.843,2025-08-10,118274.41454652132,118274.41454652132,118274.41454652132,118274.41454652132,34012968955.55724
2025-08-10 11:06:37.087,2025-08-10,118029.60218713529,118029.60218713529,118029.60218713529,118029.60218713529,30291818105.35538
2025-08-10 12:09:20.429,2025-08-10,118379.76563177402,118379.76563177402,118379.76563177402,118379.76563177402,30875942430.69914
2025-08-10 13:08:50.283,2025-08-10,118555.1485677981,118555.1485677981,118555.1485677981,118555.1485677981,33526669470.4102
2025-08-10 14:08:45.387,2025-08-10,118525.12058429095,118525.12058429095,118525.12058429095,118525.12058429095,33631290337.83739
2025-08-10 15:04:12.516,2025-08-10,118769.18117027791,118769.18117027791,118769.18117027791,118769.18117027791,34206992171.353424
2025-08-10 16:08:52.375,2025-08-10,118850.97436498552,118850.97436498552,118850.97436498552,118850.97436498552,35186670739.71053
2025-08-10 17:04:57.659,2025-08-10,118651.23706385492,118651.23706385492,118651.23706385492,118651.23706385492,35094859360.89574
2025-08-10 18:03:00.796,2025-08-10,118529.32474061087,118529.32474061087,118529.32474061087,118529.32474061087,35315212010.15249
2025-08-10 19:08:53.556,2025-08-10,118544.25854208015,118544.25854208015,118544.25854208015,118544.25854208015,35128746036.13187
2025-08-10 20:08:34.773,2025-08-10,118667.49106893358,118667.49106893358,118667.49106893358,118667.49106893358,34708768788.24758
2025-08-10 21:09:58.195,2025-08-10,118199.18286311012,118199.18286311012,118199.18286311012,118199.18286311012,35700655779.13049
2025-08-10 22:09:35.415,2025-08-10,118706.00947854224,118706.00947854224,118706.00947854224,118706.00947854224,31814759558.017567
2025-08-10 23:03:50.568,2025-08-10,119034.73953042638,119034.73953042638,119034.73953042638,119034.73953042638,35754521257.98267
2025-08-11 00:06:07.824,2025-08-11,119248.44827754395,119248.44827754395,119248.44827754395,119248.44827754395,37327174129.9249
2025-08-11 01:08:22.244,2025-08-11,119164.91952585697,119164.91952585697,119164.91952585697,119164.91952585697,38417851063.024
2025-08-11 02:03:48.310,2025-08-11,119884.43571196456,119884.43571196456,119884.43571196456,119884.43571196456,36930529528.25504
2025-08-11 03:09:41.482,2025-08-11,121778.22038654986,121778.22038654986,121778.22038654986,121778.22038654986,45474630487.536095
2025-08-11 04:08:59.973,2025-08-11,121768.13958561119,121768.13958561119,121768.13958561119,121768.13958561119,44418550038.47063
2025-08-11 05:04:53.796,2025-08-11,122019.47351481064,122019.47351481064,122019.47351481064,122019.47351481064,45340440206.12131
2025-08-11 06:02:18.822,2025-08-11,122002.44532495784,122002.44532495784,122002.44532495784,122002.44532495784,46052489012.97002
2025-08-11 07:04:47.460,2025-08-11,122227.46933490643,122227.46933490643,122227.46933490643,122227.46933490643,46814026887.577896
2025-08-11 08:09:11.260,2025-08-11,121429.25321241302,121429.25321241302,121429.25321241302,121429.25321241302,47417350525.94148
2025-08-11 09:13:59.934,2025-08-11,121631.06594087846,121631.06594087846,121631.06594087846,121631.06594087846,48862419722.96345
2025-08-11 10:04:11.872,2025-08-11,121335.5774995321,121335.5774995321,121335.5774995321,121335.5774995321,49617085615.82952
2025-08-11 11:05:00.657,2025-08-11,121120.14375587818,121120.14375587818,121120.14375587818,121120.14375587818,50504578101.41549
2025-08-11 12:04:23.615,2025-08-11,120483.17470655062,120483.17470655062,120483.17470655062,120483.17470655062,52570295714.911766
2025-08-11 13:08:17.602,2025-08-11,119580.94978885303,119580.94978885303,119580.94978885303,119580.94978885303,51521792793.06391
2025-08-11 14:04:08.584,2025-08-11,119923.9513771743,119923.9513771743,119923.9513771743,119923.9513771743,53566800134.68958
2025-08-11 15:09:39.853,2025-08-11,120124.3733013551,120124.3733013551,120124.3733013551,120124.3733013551,57841855387.36973
2025-08-11 16:09:27.208,2025-08-11,120305.33180520462,120305.33180520462,120305.33180520462,120305.33180520462,58087075902.68849
2025-08-11 17:04:30.933,2025-08-11,120014.11846292738,120014.11846292738,120014.11846292738,120014.11846292738,55700956891.074394
2025-08-11 18:08:12.745,2025-08-11,119380.19328770376,119380.19328770376,119380.19328770376,119380.19328770376,56772104115.92019
2025-08-11 19:04:24.100,2025-08-11,119751.57500679207,119751.57500679207,119751.57500679207,119751.57500679207,56181443664.69194
2025-08-11 20:04:33.741,2025-08-11,118883.52381840459,118883.52381840459,118883.52381840459,118883.52381840459,62685400734.06368
2025-08-11 21:03:01.862,2025-08-11,118962.10530010339,118962.10530010339,118962.10530010339,118962.10530010339,62011066380.74919
2025-08-11 22:09:18.187,2025-08-11,118589.49279908501,118589.49279908501,118589.49279908501,118589.49279908501,63619200911.29314
2025-08-11 23:08:06.940,2025-08-11,118817.45636188111,118817.45636188111,118817.45636188111,118817.45636188111,62893664619.09909
2025-08-12 00:02:30.989,2025-08-12,118726.76097608739,118726.76097608739,118726.76097608739,118726.76097608739,62158120175.53192
2025-08-12 01:09:46.825,2025-08-12,118904.68279550895,118904.68279550895,118904.68279550895,118904.68279550895,57441150613.10207
2025-08-12 02:14:30.494,2025-08-12,118967.3797304084,118967.3797304084,118967.3797304084,118967.3797304084,58447573512.6595
2025-08-12 03:08:49.156,2025-08-12,119064.83105236376,119064.83105236376,119064.83105236376,119064.83105236376,54032969124.470024
2025-08-12 04:02:18.283,2025-08-12,118826.43996825363,118826.43996825363,118826.43996825363,118826.43996825363,52160368792.156334
2025-08-12 05:08:46.992,2025-08-12,118875.11404789456,118875.11404789456,118875.11404789456,118875.11404789456,51108285007.63025
2025-08-12 06:08:59.637,2025-08-12,118818.97863462681,118818.97863462681,118818.97863462681,118818.97863462681,50074257066.67925
2025-08-12 07:08:53.374,2025-08-12,118904.74241103428,118904.74241103428,118904.74241103428,118904.74241103428,50308452646.17006
2025-08-12 08:09:12.109,2025-08-12,118924.78864370867,118924.78864370867,118924.78864370867,118924.78864370867,49363287462.374985
2025-08-12 09:09:39.472,2025-08-12,118838.07911439084,118838.07911439084,118838.07911439084,118838.07911439084,49738262341.54896
2025-08-12 10:10:38.222,2025-08-12,118378.15935892852,118378.15935892852,118378.15935892852,118378.15935892852,49427094781.510895
2025-08-12 11:01:38.822,2025-08-12,118478.058371425,118478.058371425,118478.058371425,118478.058371425,49292650064.772064
2025-08-12 12:02:37.488,2025-08-12,118506.5836448425,118506.5836448425,118506.5836448425,118506.5836448425,47055615314.977295
2025-08-12 13:03:23.555,2025-08-12,119166.56754782685,119166.56754782685,119166.56754782685,119166.56754782685,42508684034.57971
2025-08-12 14:10:17.546,2025-08-12,118903.58407259917,118903.58407259917,118903.58407259917,118903.58407259917,45072263216.69543
2025-08-12 15:05:46.212,2025-08-12,119433.34179634372,119433.34179634372,119433.34179634372,119433.34179634372,47301346319.96885
2025-08-12 16:07:17.754,2025-08-12,119934.61846238268,119934.61846238268,119934.61846238268,119934.61846238268,44650178233.996956
2025-08-12 17:04:22.749,2025-08-12,119630.36049684513,119630.36049684513,119630.36049684513,119630.36049684513,44518440476.83984
2025-08-12 18:04:40.662,2025-08-12,119308.49414708451,119308.49414708451,119308.49414708451,119308.49414708451,47568847387.00169
2025-08-12 19:09:39.745,2025-08-12,119411.01075640788,119411.01075640788,119411.01075640788,119411.01075640788,47557399592.670845
2025-08-12 20:11:50.274,2025-08-12,119625.03938550693,119625.03938550693,119625.03938550693,119625.03938550693,46737216570.08374
2025-08-12 21:09:59.728,2025-08-12,120016.48317663175,120016.48317663175,120016.48317663175,120016.48317663175,47505901365.54906
2025-08-12 22:09:30.769,2025-08-12,119804.27106209096,119804.27106209096,119804.27106209096,119804.27106209096,46908438206.45949
2025-08-12 23:09:30.601,2025-08-12,119999.15738034059,119999.15738034059,119999.15738034059,119999.15738034059,46423403789.595924
2025-08-13 00:10:07.169,2025-08-13,120106.09706605313,120106.09706605313,120106.09706605313,120106.09706605313,47100957328.9395
2025-08-13 01:00:50.255,2025-08-13,119719.17942452389,119719.17942452389,119719.17942452389,119719.17942452389,46836028818.95294
2025-08-13 02:08:16.676,2025-08-13,119344.75267924949,119344.75267924949,119344.75267924949,119344.75267924949,47137781376.233376
2025-08-13 03:04:46.984,2025-08-13,119565.54674419579,119565.54674419579,119565.54674419579,119565.54674419579,47590946984.34503
2025-08-13 04:04:03.443,2025-08-13,119476.81028440251,119476.81028440251,119476.81028440251,119476.81028440251,45006892079.01804
2025-08-13 05:09:51.497,2025-08-13,119329.2207541788,119329.2207541788,119329.2207541788,119329.2207541788,47495957163.16848
2025-08-13 06:04:17.220,2025-08-13,119019.98754398024,119019.98754398024,119019.98754398024,119019.98754398024,47963476051.639854
2025-08-13 07:04:22.376,2025-08-13,119400.0823890513,119400.0823890513,119400.0823890513,119400.0823890513,47616830208.55492
2025-08-13 08:05:45.810,2025-08-13,119447.29320742634,119447.29320742634,119447.29320742634,119447.29320742634,47873279638.83304
2025-08-13 09:04:22.290,2025-08-13,119961.31743970366,119961.31743970366,119961.31743970366,119961.31743970366,47902101212.73735
2025-08-13 10:06:18.661,2025-08-13,120088.70517219532,120088.70517219532,120088.70517219532,120088.70517219532,44560422983.60578
2025-08-13 11:05:44.447,2025-08-13,120489.21646853567,120489.21646853567,120489.21646853567,120489.21646853567,48919405400.73159
2025-08-13 12:04:54.741,2025-08-13,120659.93968255015,120659.93968255015,120659.93968255015,120659.93968255015,45575802177.45867
2025-08-13 13:08:36.285,2025-08-13,120334.65795575143,120334.65795575143,120334.65795575143,120334.65795575143,44460089763.51556
2025-08-13 14:00:42.736,2025-08-13,121481.77364916756,121481.77364916756,121481.77364916756,121481.77364916756,49198470920.52877
2025-08-13 15:09:07.277,2025-08-13,121125.28687546166,121125.28687546166,121125.28687546166,121125.28687546166,52797025874.58673
2025-08-13 16:08:48.880,2025-08-13,121171.2743899936,121171.2743899936,121171.2743899936,121171.2743899936,54785163763.27598
2025-08-13 17:01:02.871,2025-08-13,121432.344266374,121432.344266374,121432.344266374,121432.344266374,55081093867.32132
2025-08-13 18:02:07.157,2025-08-13,121796.38787126781,121796.38787126781,121796.38787126781,121796.38787126781,55572259503.812584
2025-08-13 19:02:34.493,2025-08-13,121573.55140785241,121573.55140785241,121573.55140785241,121573.55140785241,55994600657.16704
2025-08-13 20:09:01.226,2025-08-13,122736.16844950369,122736.16844950369,122736.16844950369,122736.16844950369,58834758975.89083
2025-08-13 21:09:23.117,2025-08-13,122850.47480835272,122850.47480835272,122850.47480835272,122850.47480835272,59005514379.85975
2025-08-13 22:04:11.504,2025-08-13,122655.92371568155,122655.92371568155,122655.92371568155,122655.92371568155,60055384852.287445
2025-08-13 23:05:46.087,2025-08-13,123066.19096595528,123066.19096595528,123066.19096595528,123066.19096595528,59079865833.72369
2025-08-14 00:04:14.138,2025-08-14,123419.33444694606,123419.33444694606,123419.33444694606,123419.33444694606,63017574223.32698
2025-08-14 01:04:45.718,2025-08-14,123770.05025514928,123770.05025514928,123770.05025514928,123770.05025514928,62197493323.06199
2025-08-14 02:22:42.015,2025-08-14,123566.4525746493,123566.4525746493,123566.4525746493,123566.4525746493,66251491232.82634
2025-08-14 03:14:19.483,2025-08-14,123782.08008719778,123782.08008719778,123782.08008719778,123782.08008719778,65672666662.090515
2025-08-14 03:21:25.544,2025-08-14,123732.10955513605,123732.10955513605,123732.10955513605,123732.10955513605,66302793784.564285
2025-08-14 04:09:46.133,2025-08-14,123429.5512477068,123429.5512477068,123429.5512477068,123429.5512477068,65876526788.19487
2025-08-14 05:09:12.479,2025-08-14,123133.50376717577,123133.50376717577,123133.50376717577,123133.50376717577,66278340655.977196
2025-08-14 06:04:49.799,2025-08-14,122081.40740761199,122081.40740761199,122081.40740761199,122081.40740761199,67592788725.87987
2025-08-14 07:02:44.678,2025-08-14,121814.87572168793,121814.87572168793,121814.87572168793,121814.87572168793,64984516420.743095
2025-08-14 08:10:29.582,2025-08-14,121835.4214245897,121835.4214245897,121835.4214245897,121835.4214245897,70223292909.02171
2025-08-14 09:08:46.367,2025-08-14,121704.7226137641,121704.7226137641,121704.7226137641,121704.7226137641,69941853860.20503
2025-08-14 10:09:11.689,2025-08-14,121611.5814603175,121611.5814603175,121611.5814603175,121611.5814603175,68204136991.84496
2025-08-14 11:09:30.613,2025-08-14,120911.85757179689,120911.85757179689,120911.85757179689,120911.85757179689,67229675879.84524
2025-08-14 12:05:50.438,2025-08-14,120915.1358091418,120915.1358091418,120915.1358091418,120915.1358091418,67920497000.50527
2025-08-14 13:09:23.675,2025-08-14,119324.09392463375,119324.09392463375,119324.09392463375,119324.09392463375,69537594617.84932
2025-08-14 14:06:57.496,2025-08-14,118348.9031066928,118348.9031066928,118348.9031066928,118348.9031066928,77260745766.38547
2025-08-14 15:09:08.431,2025-08-14,118766.88768939592,118766.88768939592,118766.88768939592,118766.88768939592,77067729231.81519
2025-08-14 16:02:16.728,2025-08-14,118220.42386146332,118220.42386146332,118220.42386146332,118220.42386146332,76177529073.28523
2025-08-14 17:02:53.512,2025-08-14,117846.8293927414,117846.8293927414,117846.8293927414,117846.8293927414,78260521873.39708
2025-08-14 18:03:28.287,2025-08-14,117907.69961243957,117907.69961243957,117907.69961243957,117907.69961243957,73989576616.43369
2025-08-14 19:02:08.088,2025-08-14,118140.15175629064,118140.15175629064,118140.15175629064,118140.15175629064,77386193412.41045
2025-08-14 20:03:14.751,2025-08-14,117999.92193421233,117999.92193421233,117999.92193421233,117999.92193421233,76945613963.45161
2025-08-14 21:01:49.666,2025-08-14,117972.50058212507,117972.50058212507,117972.50058212507,117972.50058212507,71516429119.22899
2025-08-14 22:02:56.603,2025-08-14,117848.00060956631,117848.00060956631,117848.00060956631,117848.00060956631,76608552943.05684
2025-08-14 23:03:09.940,2025-08-14,118327.47253939268,118327.47253939268,118327.47253939268,118327.47253939268,73193091785.09883
2025-08-15 00:03:27.613,2025-08-15,118387.76940297017,118387.76940297017,118387.76940297017,118387.76940297017,68707152125.851295
2025-08-15 01:00:38.512,2025-08-15,118319.47330275648,118319.47330275648,118319.47330275648,118319.47330275648,66097785012.41584
2025-08-15 02:01:36.429,2025-08-15,118766.71007333513,118766.71007333513,118766.71007333513,118766.71007333513,68714119802.955894
2025-08-15 03:00:36.953,2025-08-15,118785.93318559029,118785.93318559029,118785.93318559029,118785.93318559029,69280177536.6125
2025-08-15 04:01:48.855,2025-08-15,119049.72027859472,119049.72027859472,119049.72027859472,119049.72027859472,68560101766.383354
2025-08-15 05:03:19.015,2025-08-15,118938.14472096805,118938.14472096805,118938.14472096805,118938.14472096805,64049610802.277466
2025-08-15 06:01:35.001,2025-08-15,119044.65802389507,119044.65802389507,119044.65802389507,119044.65802389507,67821446013.349915
2025-08-15 07:02:27.043,2025-08-15,119160.51538435975,119160.51538435975,119160.51538435975,119160.51538435975,65356839921.8251
2025-08-15 08:03:03.800,2025-08-15,119084.85197497487,119084.85197497487,119084.85197497487,119084.85197497487,69275101347.75339
2025-08-15 09:03:08.736,2025-08-15,118970.54631253434,118970.54631253434,118970.54631253434,118970.54631253434,67874122918.03191
2025-08-15 10:02:57.439,2025-08-15,118856.5972093437,118856.5972093437,118856.5972093437,118856.5972093437,66978135231.00775
2025-08-15 11:00:30.668,2025-08-15,118971.70611595799,118971.70611595799,118971.70611595799,118971.70611595799,65031168268.30993
2025-08-15 12:03:30.173,2025-08-15,119094.80293447574,119094.80293447574,119094.80293447574,119094.80293447574,63725302452.57892
2025-08-15 13:00:48.512,2025-08-15,118775.09135434593,118775.09135434593,118775.09135434593,118775.09135434593,56971967557.917946
2025-08-15 14:03:32.043,2025-08-15,117912.93866816521,117912.93866816521,117912.93866816521,117912.93866816521,50060115904.47089
2025-08-15 15:02:41.037,2025-08-15,117387.54999240847,117387.54999240847,117387.54999240847,117387.54999240847,49411110804.28237
2025-08-15 16:00:23.626,2025-08-15,117367.4347951849,117367.4347951849,117367.4347951849,117367.4347951849,50339895824.663864
2025-08-15 17:01:08.736,2025-08-15,117407.49931529992,117407.49931529992,117407.49931529992,117407.49931529992,47847219866.87938
2025-08-15 18:01:04.967,2025-08-15,117670.62799352725,117670.62799352725,117670.62799352725,117670.62799352725,48546015815.000656
2025-08-15 19:02:05.799,2025-08-15,117219.33341108754,117219.33341108754,117219.33341108754,117219.33341108754,47645326089.25991
2025-08-15 20:02:43.522,2025-08-15,117000.41118669232,117000.41118669232,117000.41118669232,117000.41118669232,47063147150.000656
2025-08-15 21:02:56.579,2025-08-15,117371.50148995162,117371.50148995162,117371.50148995162,117371.50148995162,46168343632.34182
2025-08-15 22:03:06.651,2025-08-15,117372.65388438936,117372.65388438936,117372.65388438936,117372.65388438936,44695237741.9624
2025-08-15 23:06:02.115,2025-08-15,117805.21195916239,117805.21195916239,117805.21195916239,117805.21195916239,41269028577.39868
2025-08-16 00:00:46.219,2025-08-16,117396.51852350791,117396.51852350791,117396.51852350791,117396.51852350791,44195309908.176605
2025-08-16 01:03:07.981,2025-08-16,117800.72549274012,117800.72549274012,117800.72549274012,117800.72549274012,43685967849.247055
2025-08-16 02:03:08.130,2025-08-16,117954.97333880374,117954.97333880374,117954.97333880374,117954.97333880374,43877900898.17994
2025-08-16 03:02:51.235,2025-08-16,117569.54211594824,117569.54211594824,117569.54211594824,117569.54211594824,43086641024.218254
2025-08-16 04:02:57.432,2025-08-16,117533.98734372148,117533.98734372148,117533.98734372148,117533.98734372148,42259501701.47694
2025-08-16 05:02:25.789,2025-08-16,117903.7017188172,117903.7017188172,117903.7017188172,117903.7017188172,38228895069.26985
2025-08-16 06:07:20.248,2025-08-16,117696.32142573298,117696.32142573298,117696.32142573298,117696.32142573298,41051836332.561325
2025-08-16 07:07:25.451,2025-08-16,117451.02331171713,117451.02331171713,117451.02331171713,117451.02331171713,40453329487.21808
2025-08-16 08:03:10.562,2025-08-16,117663.79245540539,117663.79245540539,117663.79245540539,117663.79245540539,40336540998.330215
2025-08-16 09:01:13.697,2025-08-16,117657.13593094652,117657.13593094652,117657.13593094652,117657.13593094652,39974706539.33603
2025-08-16 10:02:09.908,2025-08-16,117411.10125498683,117411.10125498683,117411.10125498683,117411.10125498683,40346599234.85132
2025-08-16 11:02:54.351,2025-08-16,117466.55165291626,117466.55165291626,117466.55165291626,117466.55165291626,39711758469.982864
2025-08-16 12:03:25.410,2025-08-16,117448.5772878559,117448.5772878559,117448.5772878559,117448.5772878559,40046541951.517654
2025-08-16 13:02:47.207,2025-08-16,117816.83364875686,117816.83364875686,117816.83364875686,117816.83364875686,38768119555.74799
2025-08-16 14:03:24.481,2025-08-16,117711.81257679683,117711.81257679683,117711.81257679683,117711.81257679683,33447988735.289047
2025-08-16 15:00:39.179,2025-08-16,117817.33458730514,117817.33458730514,117817.33458730514,117817.33458730514,34465941057.82072
2025-08-16 16:02:51.110,2025-08-16,117745.29749254188,117745.29749254188,117745.29749254188,117745.29749254188,30479606538.968193
2025-08-16 17:00:44.831,2025-08-16,117821.00630637373,117821.00630637373,117821.00630637373,117821.00630637373,27070288706.322876
2025-08-16 18:05:53.900,2025-08-16,117763.14050380496,117763.14050380496,117763.14050380496,117763.14050380496,27140513931.15808
2025-08-16 19:03:10.389,2025-08-16,117748.69876342453,117748.69876342453,117748.69876342453,117748.69876342453,26151422407.901424
2025-08-16 20:02:05.909,2025-08-16,117734.22808778555,117734.22808778555,117734.22808778555,117734.22808778555,24783316758.07552
2025-08-16 21:02:29.270,2025-08-16,117709.02188428598,117709.02188428598,117709.02188428598,117709.02188428598,24284146947.68263
2025-08-16 22:02:53.272,2025-08-16,117503.9270349045,117503.9270349045,117503.9270349045,117503.9270349045,24230349699.68281
2025-08-16 23:07:33.282,2025-08-16,117484.75585417039,117484.75585417039,117484.75585417039,117484.75585417039,23794931994.61549
2025-08-17 00:05:46.326,2025-08-17,117397.54362420287,117397.54362420287,117397.54362420287,117397.54362420287,23184873267.620586
2025-08-17 01:02:58.518,2025-08-17,117369.57653063927,117369.57653063927,117369.57653063927,117369.57653063927,22333955319.068207
2025-08-17 02:02:44.298,2025-08-17,117521.58845065876,117521.58845065876,117521.58845065876,117521.58845065876,20620663106.76984
2025-08-17 03:02:14.587,2025-08-17,117663.3727826123,117663.3727826123,117663.3727826123,117663.3727826123,21494498515.102337
2025-08-17 04:00:02.408,2025-08-17,117784.9202897309,117784.9202897309,117784.9202897309,117784.9202897309,19721262226.493782
2025-08-17 05:00:35.889,2025-08-17,118146.94391682425,118146.94391682425,118146.94391682425,118146.94391682425,21428978699.29996
2025-08-17 06:03:06.372,2025-08-17,118082.79247968765,118082.79247968765,118082.79247968765,118082.79247968765,21300267300.910324
2025-08-17 07:02:45.641,2025-08-17,118027.58938661608,118027.58938661608,118027.58938661608,118027.58938661608,21044944087.18575
2025-08-17 08:02:27.972,2025-08-17,118094.96996974589,118094.96996974589,118094.96996974589,118094.96996974589,20670997887.011875
2025-08-17 09:00:50.982,2025-08-17,118375.95123513404,118375.95123513404,118375.95123513404,118375.95123513404,21001865564.879364
2025-08-17 10:02:59.374,2025-08-17,118348.89228201286,118348.89228201286,118348.89228201286,118348.89228201286,21320633369.059124
2025-08-17 11:02:50.913,2025-08-17,118359.5056951518,118359.5056951518,118359.5056951518,118359.5056951518,20117587454.892338
2025-08-17 12:03:07.021,2025-08-17,118384.92193419846,118384.92193419846,118384.92193419846,118384.92193419846,19832211437.816414
2025-08-17 13:02:11.175,2025-08-17,118185.47472943665,118185.47472943665,118185.47472943665,118185.47472943665,19726143680.68364
2025-08-17 14:02:36.364,2025-08-17,118451.62072881311,118451.62072881311,118451.62072881311,118451.62072881311,19328239424.646633
2025-08-17 15:02:16.029,2025-08-17,118213.36966862573,118213.36966862573,118213.36966862573,118213.36966862573,19304050553.922386
2025-08-17 16:03:18.243,2025-08-17,118303.92136200068,118303.92136200068,118303.92136200068,118303.92136200068,19240173212.095814
2025-08-17 17:00:26.969,2025-08-17,118019.83988133041,118019.83988133041,118019.83988133041,118019.83988133041,19729043891.98422
2025-08-17 18:03:13.393,2025-08-17,117975.7857182899,117975.7857182899,117975.7857182899,117975.7857182899,19869844426.65686
2025-08-17 19:02:14.870,2025-08-17,117800.3890012445,117800.3890012445,117800.3890012445,117800.3890012445,20323457770.61986
2025-08-17 20:03:19.090,2025-08-17,117659.9232573146,117659.9232573146,117659.9232573146,117659.9232573146,20858980140.990505
2025-08-17 21:02:23.419,2025-08-17,117744.57938981004,117744.57938981004,117744.57938981004,117744.57938981004,20810344457.40564
2025-08-17 22:03:22.102,2025-08-17,117792.21371595125,117792.21371595125,117792.21371595125,117792.21371595125,20825403826.175056
2025-08-17 23:01:54.800,2025-08-17,118004.76868885547,118004.76868885547,118004.76868885547,118004.76868885547,20685217966.42999
2025-08-18 00:02:30.727,2025-08-18,117519.35606632655,117519.35606632655,117519.35606632655,117519.35606632655,20919712550.496597
2025-08-18 01:03:14.591,2025-08-18,117293.77662722742,117293.77662722742,117293.77662722742,117293.77662722742,21815886939.45657
2025-08-18 02:02:53.312,2025-08-18,116457.32687457414,116457.32687457414,116457.32687457414,116457.32687457414,24581181633.343006
2025-08-18 03:01:30.899,2025-08-18,115762.72294417131,115762.72294417131,115762.72294417131,115762.72294417131,27596509865.82609
2025-08-18 04:02:43.252,2025-08-18,115355.15362701363,115355.15362701363,115355.15362701363,115355.15362701363,29715058316.70636
2025-08-18 05:03:07.777,2025-08-18,115582.39765044459,115582.39765044459,115582.39765044459,115582.39765044459,29989283651.029594
2025-08-18 06:03:32.999,2025-08-18,115677.2437142178,115677.2437142178,115677.2437142178,115677.2437142178,29247877687.589188
2025-08-18 07:03:21.362,2025-08-18,115295.02327023851,115295.02327023851,115295.02327023851,115295.02327023851,31191542322.332653
2025-08-18 08:03:48.982,2025-08-18,115338.9847735173,115338.9847735173,115338.9847735173,115338.9847735173,32526666444.138912
2025-08-18 09:00:27.213,2025-08-18,115197.40503646056,115197.40503646056,115197.40503646056,115197.40503646056,32951980632.03165
2025-08-18 10:03:03.017,2025-08-18,115074.7800568399,115074.7800568399,115074.7800568399,115074.7800568399,34271576980.23296
2025-08-18 11:02:25.005,2025-08-18,115124.87334587987,115124.87334587987,115124.87334587987,115124.87334587987,37320922860.19554
2025-08-18 12:00:38.558,2025-08-18,115044.56004926866,115044.56004926866,115044.56004926866,115044.56004926866,35353092704.49016
2025-08-18 13:02:19.735,2025-08-18,115527.0309311352,115527.0309311352,115527.0309311352,115527.0309311352,39140875904.88485
2025-08-18 14:02:13.194,2025-08-18,114995.26995245655,114995.26995245655,114995.26995245655,114995.26995245655,38317764892.86075
2025-08-18 15:02:12.018,2025-08-18,115648.19465225624,115648.19465225624,115648.19465225624,115648.19465225624,40189514662.24893
2025-08-18 16:03:21.565,2025-08-18,116256.12045700087,116256.12045700087,116256.12045700087,116256.12045700087,43424598200.07567
2025-08-18 17:02:48.704,2025-08-18,116083.85779306894,116083.85779306894,116083.85779306894,116083.85779306894,40251510722.794945
2025-08-18 18:03:17.580,2025-08-18,116717.50032215302,116717.50032215302,116717.50032215302,116717.50032215302,44544188414.253784
2025-08-18 19:03:07.996,2025-08-18,116612.61591671837,116612.61591671837,116612.61591671837,116612.61591671837,45060972832.86944
2025-08-18 20:02:47.066,2025-08-18,116359.64918942218,116359.64918942218,116359.64918942218,116359.64918942218,45254447893.187836
2025-08-18 21:02:34.740,2025-08-18,116467.14070857807,116467.14070857807,116467.14070857807,116467.14070857807,46002619788.25187
2025-08-18 22:01:27.625,2025-08-18,116713.43762065737,116713.43762065737,116713.43762065737,116713.43762065737,46612992379.49223
2025-08-18 23:02:51.292,2025-08-18,116445.12054707026,116445.12054707026,116445.12054707026,116445.12054707026,46819813147.56796
2025-08-19 00:06:58.562,2025-08-19,116315.1187900144,116315.1187900144,116315.1187900144,116315.1187900144,47234423701.30825
2025-08-19 01:02:57.300,2025-08-19,116578.69611080748,116578.69611080748,116578.69611080748,116578.69611080748,43014211850.83455
2025-08-19 02:02:55.046,2025-08-19,115840.82295104749,115840.82295104749,115840.82295104749,115840.82295104749,45048722686.44198
2025-08-19 03:03:27.066,2025-08-19,115739.41713066881,115739.41713066881,115739.41713066881,115739.41713066881,41556606133.007866
2025-08-19 04:02:33.984,2025-08-19,114853.79567274198,114853.79567274198,114853.79567274198,114853.79567274198,36806153204.06423
2025-08-19 05:03:04.816,2025-08-19,115310.22932577619,115310.22932577619,115310.22932577619,115310.22932577619,42401100746.07195
2025-08-19 06:02:28.348,2025-08-19,115021.97815753656,115021.97815753656,115021.97815753656,115021.97815753656,37848687030.93779
2025-08-19 07:02:51.797,2025-08-19,114985.89568101108,114985.89568101108,114985.89568101108,114985.89568101108,36503838014.26732
2025-08-19 08:01:05.724,2025-08-19,115011.33437220617,115011.33437220617,115011.33437220617,115011.33437220617,39660867167.464096
2025-08-19 09:00:29.123,2025-08-19,115244.10458929573,115244.10458929573,115244.10458929573,115244.10458929573,35686297321.47995
2025-08-19 10:00:58.919,2025-08-19,115371.1864707095,115371.1864707095,115371.1864707095,115371.1864707095,38239878260.73187
2025-08-19 11:01:41.387,2025-08-19,115429.16618470901,115429.16618470901,115429.16618470901,115429.16618470901,37430671443.38621
2025-08-19 12:02:45.234,2025-08-19,115559.44716650811,115559.44716650811,115559.44716650811,115559.44716650811,37452709494.71494
2025-08-19 13:01:52.658,2025-08-19,115599.61514159056,115599.61514159056,115599.61514159056,115599.61514159056,36931886329.83645
2025-08-19 14:02:31.238,2025-08-19,115239.4878544111,115239.4878544111,115239.4878544111,115239.4878544111,33343923238.3509
2025-08-19 15:02:29.349,2025-08-19,114004.88666207601,114004.88666207601,114004.88666207601,114004.88666207601,39555884499.56829
2025-08-19 16:02:40.464,2025-08-19,113820.33698581933,113820.33698581933,113820.33698581933,113820.33698581933,41455680962.47773
2025-08-19 17:01:02.973,2025-08-19,113404.06193584246,113404.06193584246,113404.06193584246,113404.06193584246,41703252447.975975
2025-08-19 18:00:55.792,2025-08-19,113494.55052097653,113494.55052097653,113494.55052097653,113494.55052097653,38767013868.5328
2025-08-19 19:05:35.423,2025-08-19,112832.75554814276,112832.75554814276,112832.75554814276,112832.75554814276,43705084656.35368
2025-08-19 20:02:42.362,2025-08-19,113271.63940944368,113271.63940944368,113271.63940944368,113271.63940944368,45137838887.3973
2025-08-19 21:02:24.159,2025-08-19,113497.50086327353,113497.50086327353,113497.50086327353,113497.50086327353,44586489667.24651
2025-08-19 22:02:24.396,2025-08-19,113414.51430137384,113414.51430137384,113414.51430137384,113414.51430137384,44779365251.50792
2025-08-19 23:00:35.729,2025-08-19,113170.10811534988,113170.10811534988,113170.10811534988,113170.10811534988,45788441426.74541
2025-08-20 00:02:24.721,2025-08-20,112896.32534645073,112896.32534645073,112896.32534645073,112896.32534645073,46894541027.51199
2025-08-20 01:00:37.645,2025-08-20,113221.30878378011,113221.30878378011,113221.30878378011,113221.30878378011,42538241876.26035
2025-08-20 02:00:43.860,2025-08-20,113038.63562802887,113038.63562802887,113038.63562802887,113038.63562802887,43099302140.83163
2025-08-20 03:02:13.328,2025-08-20,113436.86955390326,113436.86955390326,113436.86955390326,113436.86955390326,44153560151.65437
2025-08-20 04:02:17.509,2025-08-20,113499.88101366491,113499.88101366491,113499.88101366491,113499.88101366491,46648678656.68352
2025-08-20 05:00:47.331,2025-08-20,113576.63342572509,113576.63342572509,113576.63342572509,113576.63342572509,44730460959.930695
2025-08-20 06:01:46.002,2025-08-20,113712.34453532855,113712.34453532855,113712.34453532855,113712.34453532855,44979086223.03822
2025-08-20 07:02:32.058,2025-08-20,113616.7780659848,113616.7780659848,113616.7780659848,113616.7780659848,44540793525.55041
2025-08-20 08:00:31.111,2025-08-20,113548.32584815667,113548.32584815667,113548.32584815667,113548.32584815667,43938551344.338135
2025-08-20 09:01:36.202,2025-08-20,113979.37893099306,113979.37893099306,113979.37893099306,113979.37893099306,45071296899.7613
2025-08-20 10:02:34.089,2025-08-20,113738.87260459366,113738.87260459366,113738.87260459366,113738.87260459366,45507876848.20262
2025-08-20 11:02:21.868,2025-08-20,113814.60747522612,113814.60747522612,113814.60747522612,113814.60747522612,45463851298.78079
2025-08-20 12:02:29.547,2025-08-20,113772.5953048606,113772.5953048606,113772.5953048606,113772.5953048606,46606701431.230354
2025-08-20 13:00:20.461,2025-08-20,113704.65095237858,113704.65095237858,113704.65095237858,113704.65095237858,46493644645.02271
2025-08-20 14:01:07.017,2025-08-20,112721.52528522459,112721.52528522459,112721.52528522459,112721.52528522459,47409002973.9134
2025-08-20 15:05:18.525,2025-08-20,113468.71586206947,113468.71586206947,113468.71586206947,113468.71586206947,42737896339.57028
2025-08-20 16:00:45.904,2025-08-20,113364.1275536759,113364.1275536759,113364.1275536759,113364.1275536759,45330962207.64718
2025-08-20 17:02:43.088,2025-08-20,113947.58727837629,113947.58727837629,113947.58727837629,113947.58727837629,46093178700.28271
2025-08-20 18:02:23.731,2025-08-20,114200.26919279918,114200.26919279918,114200.26919279918,114200.26919279918,44969490820.75231
2025-08-20 19:02:29.859,2025-08-20,113588.02274704837,113588.02274704837,113588.02274704837,113588.02274704837,41640210717.64218
2025-08-20 20:02:37.116,2025-08-20,114227.65280595022,114227.65280595022,114227.65280595022,114227.65280595022,43899516543.65584
2025-08-20 21:01:38.563,2025-08-20,114351.92452461013,114351.92452461013,114351.92452461013,114351.92452461013,43762392368.75179
2025-08-20 22:02:11.136,2025-08-20,114422.93252401563,114422.93252401563,114422.93252401563,114422.93252401563,43622277551.29078
2025-08-20 23:02:02.274,2025-08-20,114590.45445269886,114590.45445269886,114590.45445269886,114590.45445269886,43391081238.798386
2025-08-21 00:01:42.284,2025-08-21,114250.43172587751,114250.43172587751,114250.43172587751,114250.43172587751,42282443322.69223
2025-08-21 01:02:19.563,2025-08-21,114337.7268829338,114337.7268829338,114337.7268829338,114337.7268829338,41701940902.23417
2025-08-21 02:02:07.089,2025-08-21,114723.4072135875,114723.4072135875,114723.4072135875,114723.4072135875,39431182617.15398
2025-08-21 03:01:12.204,2025-08-21,113987.89517975388,113987.89517975388,113987.89517975388,113987.89517975388,40240528752.222626
2025-08-21 04:01:31.792,2025-08-21,113987.13392915655,113987.13392915655,113987.13392915655,113987.13392915655,38516342245.77847
2025-08-21 05:02:02.324,2025-08-21,113808.26421295329,113808.26421295329,113808.26421295329,113808.26421295329,37943880322.50303
2025-08-21 06:02:33.048,2025-08-21,113954.38733064673,113954.38733064673,113954.38733064673,113954.38733064673,34696637099.406204
2025-08-21 07:02:15.544,2025-08-21,113737.02812154038,113737.02812154038,113737.02812154038,113737.02812154038,38681475462.57837
2025-08-21 08:02:35.497,2025-08-21,113890.13604780457,113890.13604780457,113890.13604780457,113890.13604780457,38188109033.52714
2025-08-21 09:02:44.932,2025-08-21,113638.22918676953,113638.22918676953,113638.22918676953,113638.22918676953,37549329437.96879
2025-08-21 10:00:56.020,2025-08-21,113396.1776883503,113396.1776883503,113396.1776883503,113396.1776883503,37593949831.45612
2025-08-21 11:02:25.842,2025-08-21,113373.80279295826,113373.80279295826,113373.80279295826,113373.80279295826,37143984349.62482
2025-08-21 12:00:47.607,2025-08-21,113132.28582905016,113132.28582905016,113132.28582905016,113132.28582905016,37468392944.52651
2025-08-21 13:01:50.458,2025-08-21,112952.51362584245,112952.51362584245,112952.51362584245,112952.51362584245,36929742710.01171
2025-08-21 14:02:58.527,2025-08-21,113504.91074576437,113504.91074576437,113504.91074576437,113504.91074576437,36913318007.19882
2025-08-21 15:02:30.029,2025-08-21,113266.26639577647,113266.26639577647,113266.26639577647,113266.26639577647,34349543158.606915
2025-08-21 16:01:48.251,2025-08-21,112773.38343187496,112773.38343187496,112773.38343187496,112773.38343187496,31058409226.911808
2025-08-21 17:02:05.532,2025-08-21,112398.3636645793,112398.3636645793,112398.3636645793,112398.3636645793,33693160441.712955
2025-08-21 18:02:04.597,2025-08-21,112379.88592699269,112379.88592699269,112379.88592699269,112379.88592699269,33840190741.362995
2025-08-21 19:02:22.153,2025-08-21,112571.655424373,112571.655424373,112571.655424373,112571.655424373,31679195219.135468
2025-08-21 20:01:52.647,2025-08-21,112023.06158201321,112023.06158201321,112023.06158201321,112023.06158201321,33258011046.23826
2025-08-21 21:02:51.090,2025-08-21,112564.21553111593,112564.21553111593,112564.21553111593,112564.21553111593,33610308289.103546
2025-08-21 22:02:41.573,2025-08-21,112561.18367557136,112561.18367557136,112561.18367557136,112561.18367557136,33425866734.35019
2025-08-21 23:02:29.621,2025-08-21,112468.84756023913,112468.84756023913,112468.84756023913,112468.84756023913,32709524011.280228
2025-08-22 00:02:51.862,2025-08-22,112414.39987336512,112414.39987336512,112414.39987336512,112414.39987336512,32048202090.65466
2025-08-22 01:02:36.235,2025-08-22,112570.05901657068,112570.05901657068,112570.05901657068,112570.05901657068,31863226030.040344
2025-08-22 02:01:26.472,2025-08-22,112817.82613496445,112817.82613496445,112817.82613496445,112817.82613496445,31512472005.466564
2025-08-22 03:01:24.381,2025-08-22,113266.61693979731,113266.61693979731,113266.61693979731,113266.61693979731,32264079286.30188
2025-08-22 04:01:49.894,2025-08-22,112933.12517331423,112933.12517331423,112933.12517331423,112933.12517331423,31790586244.230686
2025-08-22 05:00:44.257,2025-08-22,112787.89866622085,112787.89866622085,112787.89866622085,112787.89866622085,32070036247.588997
2025-08-22 06:02:26.997,2025-08-22,113216.10154703319,113216.10154703319,113216.10154703319,113216.10154703319,31659211130.85369
2025-08-22 07:02:36.216,2025-08-22,112999.09282659138,112999.09282659138,112999.09282659138,112999.09282659138,32181558938.674603
2025-08-22 08:02:24.914,2025-08-22,113108.75506378774,113108.75506378774,113108.75506378774,113108.75506378774,32687785291.633484
2025-08-22 09:02:41.935,2025-08-22,112993.43834510577,112993.43834510577,112993.43834510577,112993.43834510577,32476325582.469376
2025-08-22 10:02:37.279,2025-08-22,113074.45957010616,113074.45957010616,113074.45957010616,113074.45957010616,32247497772.83376
2025-08-22 11:02:22.275,2025-08-22,112521.5479279412,112521.5479279412,112521.5479279412,112521.5479279412,32725679377.15134
2025-08-22 12:01:38.441,2025-08-22,112288.33375620782,112288.33375620782,112288.33375620782,112288.33375620782,32383528241.204155
2025-08-22 13:02:32.032,2025-08-22,112360.04916226704,112360.04916226704,112360.04916226704,112360.04916226704,31706991968.390926
2025-08-22 14:02:48.421,2025-08-22,112497.07530672899,112497.07530672899,112497.07530672899,112497.07530672899,35468782916.49639
2025-08-22 15:02:36.906,2025-08-22,115949.64822768302,115949.64822768302,115949.64822768302,115949.64822768302,42781054684.85562
2025-08-22 16:02:32.195,2025-08-22,116733.62955688963,116733.62955688963,116733.62955688963,116733.62955688963,45922545000.10242
2025-08-22 17:01:59.526,2025-08-22,116242.77576562841,116242.77576562841,116242.77576562841,116242.77576562841,48720009133.189285
2025-08-22 18:01:12.029,2025-08-22,116925.15114552547,116925.15114552547,116925.15114552547,116925.15114552547,49544866744.46024
2025-08-22 19:02:53.164,2025-08-22,116754.18597018225,116754.18597018225,116754.18597018225,116754.18597018225,50155473288.184364
2025-08-22 20:04:21.905,2025-08-22,116630.95770630019,116630.95770630019,116630.95770630019,116630.95770630019,50082805752.61533
2025-08-22 21:00:39.854,2025-08-22,116893.16140783997,116893.16140783997,116893.16140783997,116893.16140783997,50371447626.11096
2025-08-22 22:02:25.029,2025-08-22,117016.4148378404,117016.4148378404,117016.4148378404,117016.4148378404,51002312657.51935
2025-08-22 23:03:02.033,2025-08-22,116690.82991354102,116690.82991354102,116690.82991354102,116690.82991354102,50558197963.827705
2025-08-23 00:01:49.434,2025-08-23,116897.54178212964,116897.54178212964,116897.54178212964,116897.54178212964,50833111088.85954
2025-08-23 01:00:34.385,2025-08-23,116840.2881931396,116840.2881931396,116840.2881931396,116840.2881931396,50863072838.05745
2025-08-23 02:02:12.950,2025-08-23,116431.22818366549,116431.22818366549,116431.22818366549,116431.22818366549,50438213222.20327
2025-08-23 03:02:13.028,2025-08-23,115820.56605227095,115820.56605227095,115820.56605227095,115820.56605227095,53462597660.537346
2025-08-23 04:02:18.492,2025-08-23,115506.45234208381,115506.45234208381,115506.45234208381,115506.45234208381,52569447344.06513
2025-08-23 05:02:39.819,2025-08-23,115836.07441882673,115836.07441882673,115836.07441882673,115836.07441882673,52565552949.78911
2025-08-23 06:02:01.222,2025-08-23,115916.12989192463,115916.12989192463,115916.12989192463,115916.12989192463,53253795258.25153
2025-08-23 07:02:44.649,2025-08-23,115686.06492737045,115686.06492737045,115686.06492737045,115686.06492737045,52878916142.69842
2025-08-23 08:02:16.421,2025-08-23,115756.2715219422,115756.2715219422,115756.2715219422,115756.2715219422,52717524858.258606
2025-08-23 09:03:05.928,2025-08-23,115734.99631164433,115734.99631164433,115734.99631164433,115734.99631164433,48640517091.69404
2025-08-23 10:02:47.918,2025-08-23,115693.18189345239,115693.18189345239,115693.18189345239,115693.18189345239,52210251491.12992
2025-08-23 11:02:07.091,2025-08-23,115518.50378351717,115518.50378351717,115518.50378351717,115518.50378351717,51871948970.09468
2025-08-23 12:00:00.562,2025-08-23,115274.0388844848,115274.0388844848,115274.0388844848,115274.0388844848,51716159537.264275
2025-08-23 13:02:23.249,2025-08-23,115135.13762173562,115135.13762173562,115135.13762173562,115135.13762173562,49109336712.525505
2025-08-23 14:01:35.437,2025-08-23,114821.41680903742,114821.41680903742,114821.41680903742,114821.41680903742,48997628374.48042
2025-08-23 15:02:46.088,2025-08-23,114686.33732965987,114686.33732965987,114686.33732965987,114686.33732965987,41462405461.682594
2025-08-23 16:02:24.239,2025-08-23,114783.2566749885,114783.2566749885,114783.2566749885,114783.2566749885,37135036579.25317
2025-08-23 17:02:12.024,2025-08-23,114971.81358538911,114971.81358538911,114971.81358538911,114971.81358538911,32855528199.545666
2025-08-23 18:02:37.432,2025-08-23,115025.4752987663,115025.4752987663,115025.4752987663,115025.4752987663,32790555515.312447
2025-08-23 19:02:04.743,2025-08-23,115092.92711799828,115092.92711799828,115092.92711799828,115092.92711799828,31483027823.875717
2025-08-23 20:03:01.408,2025-08-23,115099.37297567134,115099.37297567134,115099.37297567134,115099.37297567134,30520515991.097103
2025-08-23 21:02:31.788,2025-08-23,115226.72980830548,115226.72980830548,115226.72980830548,115226.72980830548,27941655431.383087
2025-08-23 22:02:36.015,2025-08-23,115167.53577999982,115167.53577999982,115167.53577999982,115167.53577999982,28659750755.356216
2025-08-23 23:01:40.362,2025-08-23,115280.20647376521,115280.20647376521,115280.20647376521,115280.20647376521,27623022682.170525
2025-08-24 00:03:09.115,2025-08-24,115359.98346714744,115359.98346714744,115359.98346714744,115359.98346714744,27306719885.257973
2025-08-24 01:00:06.611,2025-08-24,115363.99729235176,115363.99729235176,115363.99729235176,115363.99729235176,27072316168.250343
2025-08-24 02:02:12.191,2025-08-24,115431.1805844341,115431.1805844341,115431.1805844341,115431.1805844341,26692001773.72604
2025-08-24 03:00:36.078,2025-08-24,115069.43066346603,115069.43066346603,115069.43066346603,115069.43066346603,25446661310.325912
2025-08-24 04:01:45.888,2025-08-24,114993.24273069265,114993.24273069265,114993.24273069265,114993.24273069265,25559928547.878998
2025-08-24 05:02:23.931,2025-08-24,115086.60114191737,115086.60114191737,115086.60114191737,115086.60114191737,25043140601.09021
2025-08-24 06:00:53.884,2025-08-24,114953.03010212432,114953.03010212432,114953.03010212432,114953.03010212432,24560564942.829094
2025-08-24 07:02:42.692,2025-08-24,114844.61849424148,114844.61849424148,114844.61849424148,114844.61849424148,24730635069.13534
2025-08-24 08:02:30.401,2025-08-24,114879.69078631983,114879.69078631983,114879.69078631983,114879.69078631983,24455593975.15203
2025-08-24 09:02:08.786,2025-08-24,114753.3400146967,114753.3400146967,114753.3400146967,114753.3400146967,24973297619.58047
2025-08-24 10:01:43.563,2025-08-24,114823.03309844933,114823.03309844933,114823.03309844933,114823.03309844933,25182786693.78483
2025-08-24 11:02:32.598,2025-08-24,114736.45359290068,114736.45359290068,114736.45359290068,114736.45359290068,25269282624.89648
2025-08-24 12:02:54.000,2025-08-24,114695.2412707355,114695.2412707355,114695.2412707355,114695.2412707355,25589025693.645447
2025-08-24 13:02:47.741,2025-08-24,114614.30553312866,114614.30553312866,114614.30553312866,114614.30553312866,24857390273.595615
2025-08-24 14:01:09.178,2025-08-24,114578.64745830485,114578.64745830485,114578.64745830485,114578.64745830485,24479691746.429386
2025-08-24 15:02:00.257,2025-08-24,114472.18350232056,114472.18350232056,114472.18350232056,114472.18350232056,22921175596.468124
2025-08-24 16:01:54.199,2025-08-24,114369.60753646833,114369.60753646833,114369.60753646833,114369.60753646833,22884533619.60173
2025-08-24 17:02:02.369,2025-08-24,114250.27307611563,114250.27307611563,114250.27307611563,114250.27307611563,25339894655.86093
2025-08-24 18:01:59.243,2025-08-24,114367.75226983133,114367.75226983133,114367.75226983133,114367.75226983133,25119528930.497387
2025-08-24 19:02:33.861,2025-08-24,114566.05862349035,114566.05862349035,114566.05862349035,114566.05862349035,28383292003.692722
2025-08-24 20:00:39.541,2025-08-24,112217.2548926291,112217.2548926291,112217.2548926291,112217.2548926291,31584532548.078114
2025-08-24 21:02:42.661,2025-08-24,112698.95169330903,112698.95169330903,112698.95169330903,112698.95169330903,39383149595.03231
2025-08-24 22:02:54.764,2025-08-24,113061.2323796558,113061.2323796558,113061.2323796558,113061.2323796558,40830921832.74007
2025-08-24 23:02:32.010,2025-08-24,113414.74875838551,113414.74875838551,113414.74875838551,113414.74875838551,41782659810.32342
2025-08-25 00:02:31.739,2025-08-25,113399.54847314971,113399.54847314971,113399.54847314971,113399.54847314971,40682656776.69001
2025-08-25 01:00:55.537,2025-08-25,112585.42278319375,112585.42278319375,112585.42278319375,112585.42278319375,41251485778.1079
2025-08-25 02:02:28.534,2025-08-25,113023.46267055321,113023.46267055321,113023.46267055321,113023.46267055321,43474356664.27717
2025-08-25 03:01:53.333,2025-08-25,113415.23674884671,113415.23674884671,113415.23674884671,113415.23674884671,44825375822.32035
2025-08-25 04:02:21.093,2025-08-25,113208.55925045427,113208.55925045427,113208.55925045427,113208.55925045427,45013362459.56276
2025-08-25 05:01:45.531,2025-08-25,112763.21919387885,112763.21919387885,112763.21919387885,112763.21919387885,44766806528.77922
2025-08-25 06:01:44.424,2025-08-25,112392.21541055867,112392.21541055867,112392.21541055867,112392.21541055867,45109734199.44281
2025-08-25 07:00:09.035,2025-08-25,111949.0739478392,111949.0739478392,111949.0739478392,111949.0739478392,45768364362.53734
2025-08-25 08:02:28.529,2025-08-25,111472.72000741534,111472.72000741534,111472.72000741534,111472.72000741534,46347736844.41371
2025-08-25 09:03:08.736,2025-08-25,111577.96708361676,111577.96708361676,111577.96708361676,111577.96708361676,48849691049.443085
2025-08-25 10:03:00.092,2025-08-25,111632.32778606439,111632.32778606439,111632.32778606439,111632.32778606439,49349952717.45977
2025-08-25 11:02:48.113,2025-08-25,110955.98821477545,110955.98821477545,110955.98821477545,110955.98821477545,50331033968.3015
2025-08-25 12:02:25.457,2025-08-25,111218.67088723912,111218.67088723912,111218.67088723912,111218.67088723912,51828673258.15544
2025-08-25 13:01:53.515,2025-08-25,111492.03809636572,111492.03809636572,111492.03809636572,111492.03809636572,52409963403.49649
2025-08-25 14:02:35.854,2025-08-25,111321.38417438182,111321.38417438182,111321.38417438182,111321.38417438182,51060453841.741264
2025-08-25 15:02:59.101,2025-08-25,112210.11202691354,112210.11202691354,112210.11202691354,112210.11202691354,56036299387.76223
2025-08-25 16:02:51.652,2025-08-25,112290.17460521753,112290.17460521753,112290.17460521753,112290.17460521753,54100932070.60992
2025-08-25 17:00:56.917,2025-08-25,112547.51261168132,112547.51261168132,112547.51261168132,112547.51261168132,54303524981.15725
2025-08-25 18:02:43.593,2025-08-25,112497.5793839499,112497.5793839499,112497.5793839499,112497.5793839499,57446865096.65609
2025-08-25 19:01:53.880,2025-08-25,112386.51107136758,112386.51107136758,112386.51107136758,112386.51107136758,56245360295.508095
2025-08-25 20:03:34.623,2025-08-25,110909.83928590608,110909.83928590608,110909.83928590608,110909.83928590608,52612308119.58182
2025-08-25 21:02:57.718,2025-08-25,109690.83734151356,109690.83734151356,109690.83734151356,109690.83734151356,50874692501.464455
2025-08-25 22:02:55.775,2025-08-25,110180.98485988827,110180.98485988827,110180.98485988827,110180.98485988827,56423072825.17286
2025-08-25 23:03:22.354,2025-08-25,110239.01953202092,110239.01953202092,110239.01953202092,110239.01953202092,52583112387.23077
2025-08-26 00:00:50.533,2025-08-26,110185.35443900425,110185.35443900425,110185.35443900425,110185.35443900425,52854872363.936554
2025-08-26 01:00:41.595,2025-08-26,109214.15345032258,109214.15345032258,109214.15345032258,109214.15345032258,58179796983.544136
2025-08-26 02:02:19.618,2025-08-26,109728.828049138,109728.828049138,109728.828049138,109728.828049138,59266520304.45751
2025-08-26 03:02:35.237,2025-08-26,109702.83902011866,109702.83902011866,109702.83902011866,109702.83902011866,59791517999.529495
2025-08-26 04:02:28.236,2025-08-26,109901.68999609181,109901.68999609181,109901.68999609181,109901.68999609181,60269013171.39762
2025-08-26 05:02:29.764,2025-08-26,110093.02421135378,110093.02421135378,110093.02421135378,110093.02421135378,59962545448.689804
2025-08-26 06:02:38.519,2025-08-26,110275.87047428692,110275.87047428692,110275.87047428692,110275.87047428692,59393134095.57825
2025-08-26 07:01:39.264,2025-08-26,110007.15361203271,110007.15361203271,110007.15361203271,110007.15361203271,58232530079.61229
2025-08-26 08:01:07.749,2025-08-26,110304.27215130755,110304.27215130755,110304.27215130755,110304.27215130755,54442025560.91784
2025-08-26 09:01:51.675,2025-08-26,110152.35553114467,110152.35553114467,110152.35553114467,110152.35553114467,56100183808.53877
2025-08-26 10:02:12.586,2025-08-26,110185.45908945947,110185.45908945947,110185.45908945947,110185.45908945947,52673857577.893654
2025-08-26 11:02:29.379,2025-08-26,110215.27817468811,110215.27817468811,110215.27817468811,110215.27817468811,54218560157.09526
2025-08-26 12:02:08.639,2025-08-26,109677.9347150727,109677.9347150727,109677.9347150727,109677.9347150727,53617864093.79292
2025-08-26 13:03:23.920,2025-08-26,110150.8422047899,110150.8422047899,110150.8422047899,110150.8422047899,55052870907.81924
2025-08-26 14:02:45.274,2025-08-26,109798.30968920077,109798.30968920077,109798.30968920077,109798.30968920077,50582442595.12382
2025-08-26 15:02:31.816,2025-08-26,110332.08066219365,110332.08066219365,110332.08066219365,110332.08066219365,50831898415.50748
2025-08-26 16:00:18.607,2025-08-26,109711.32807576722,109711.32807576722,109711.32807576722,109711.32807576722,50552261496.052574
2025-08-26 17:02:41.965,2025-08-26,109881.034253352,109881.034253352,109881.034253352,109881.034253352,53896424429.32773
2025-08-26 18:02:33.939,2025-08-26,109816.60727497659,109816.60727497659,109816.60727497659,109816.60727497659,50246743910.975395
2025-08-26 19:02:23.091,2025-08-26,110753.61395335088,110753.61395335088,110753.61395335088,110753.61395335088,51049478214.32461
2025-08-26 20:02:34.071,2025-08-26,111094.40395034778,111094.40395034778,111094.40395034778,111094.40395034778,53572450854.26887
2025-08-26 21:02:40.727,2025-08-26,111363.70210444374,111363.70210444374,111363.70210444374,111363.70210444374,45591977809.91141
2025-08-26 22:02:38.261,2025-08-26,111450.63572055796,111450.63572055796,111450.63572055796,111450.63572055796,45912953928.839966
2025-08-26 23:05:32.611,2025-08-26,111889.77042079122,111889.77042079122,111889.77042079122,111889.77042079122,45944710487.08485
2025-08-27 00:02:25.667,2025-08-27,111842.70999260596,111842.70999260596,111842.70999260596,111842.70999260596,43023800053.0546
2025-08-27 01:01:51.662,2025-08-27,111365.02501415942,111365.02501415942,111365.02501415942,111365.02501415942,42323169935.84372
2025-08-27 02:02:06.995,2025-08-27,111263.82257988887,111263.82257988887,111263.82257988887,111263.82257988887,40953999147.95808
2025-08-27 03:00:08.376,2025-08-27,111187.4957975124,111187.4957975124,111187.4957975124,111187.4957975124,40238149590.10205
2025-08-27 04:01:41.251,2025-08-27,111519.27221730023,111519.27221730023,111519.27221730023,111519.27221730023,40399041185.972786
2025-08-27 05:00:38.283,2025-08-27,111605.7581072873,111605.7581072873,111605.7581072873,111605.7581072873,39927558882.08654
2025-08-27 06:02:10.981,2025-08-27,111373.0830708973,111373.0830708973,111373.0830708973,111373.0830708973,39515288919.938416
2025-08-27 07:02:08.901,2025-08-27,111054.43395634122,111054.43395634122,111054.43395634122,111054.43395634122,39223233721.06222
2025-08-27 08:02:46.341,2025-08-27,110692.47419258242,110692.47419258242,110692.47419258242,110692.47419258242,38941102684.48362
2025-08-27 09:01:45.519,2025-08-27,110711.82323814013,110711.82323814013,110711.82323814013,110711.82323814013,39337872985.31356
2025-08-27 10:06:33.154,2025-08-27,110979.2966833095,110979.2966833095,110979.2966833095,110979.2966833095,39528456508.393936
2025-08-27 11:01:06.124,2025-08-27,111006.11176683908,111006.11176683908,111006.11176683908,111006.11176683908,39647569186.46201
2025-08-27 12:02:34.572,2025-08-27,111315.87558119372,111315.87558119372,111315.87558119372,111315.87558119372,36765670258.05036
2025-08-27 13:01:01.554,2025-08-27,111337.10808421562,111337.10808421562,111337.10808421562,111337.10808421562,35830473940.5946
2025-08-27 14:01:52.627,2025-08-27,111484.2870822013,111484.2870822013,111484.2870822013,111484.2870822013,35704921225.298035
2025-08-27 15:02:10.236,2025-08-27,111885.40822394217,111885.40822394217,111885.40822394217,111885.40822394217,38095437335.5302
2025-08-27 16:02:19.120,2025-08-27,111952.54564260962,111952.54564260962,111952.54564260962,111952.54564260962,36042544904.33156
2025-08-27 17:02:14.682,2025-08-27,112146.40816198313,112146.40816198313,112146.40816198313,112146.40816198313,35664679793.32469
2025-08-27 18:02:46.354,2025-08-27,112370.95333819998,112370.95333819998,112370.95333819998,112370.95333819998,37191226587.508835
2025-08-27 19:02:37.377,2025-08-27,112117.98555959277,112117.98555959277,112117.98555959277,112117.98555959277,36388158449.048164
2025-08-27 20:02:13.842,2025-08-27,112036.43796942328,112036.43796942328,112036.43796942328,112036.43796942328,35787805416.855415
2025-08-27 21:02:39.998,2025-08-27,112313.86641648396,112313.86641648396,112313.86641648396,112313.86641648396,38200548204.98113
2025-08-27 22:02:24.961,2025-08-27,111484.66081809542,111484.66081809542,111484.66081809542,111484.66081809542,38265198959.6821
2025-08-27 23:06:41.720,2025-08-27,111438.43391304565,111438.43391304565,111438.43391304565,111438.43391304565,37713714851.063545
2025-08-28 00:02:06.746,2025-08-28,111241.29264807492,111241.29264807492,111241.29264807492,111241.29264807492,37005486879.32488
2025-08-28 01:00:17.181,2025-08-28,111279.9840682491,111279.9840682491,111279.9840682491,111279.9840682491,37103260667.507576
2025-08-28 02:02:15.481,2025-08-28,111659.07422306083,111659.07422306083,111659.07422306083,111659.07422306083,37012771556.23348
2025-08-28 03:01:35.350,2025-08-28,111492.62276162558,111492.62276162558,111492.62276162558,111492.62276162558,35820003270.59694
2025-08-28 04:02:48.043,2025-08-28,111972.00291151149,111972.00291151149,111972.00291151149,111972.00291151149,35487941569.88196
2025-08-28 05:01:57.526,2025-08-28,112973.09401848726,112973.09401848726,112973.09401848726,112973.09401848726,36985679139.296265
2025-08-28 06:02:32.406,2025-08-28,112796.14678561086,112796.14678561086,112796.14678561086,112796.14678561086,37651166791.32505
2025-08-28 07:02:29.630,2025-08-28,113194.26010797978,113194.26010797978,113194.26010797978,113194.26010797978,38307956272.803246
2025-08-28 08:02:24.259,2025-08-28,113084.56059867593,113084.56059867593,113084.56059867593,113084.56059867593,37903209099.62217
2025-08-28 09:02:29.810,2025-08-28,113079.89885511795,113079.89885511795,113079.89885511795,113079.89885511795,38115284436.28997
2025-08-28 10:02:17.782,2025-08-28,112851.5035949865,112851.5035949865,112851.5035949865,112851.5035949865,37215368354.927055
2025-08-28 11:02:51.561,2025-08-28,112984.18074069126,112984.18074069126,112984.18074069126,112984.18074069126,37879586381.55444
2025-08-28 12:02:33.317,2025-08-28,112994.8051418919,112994.8051418919,112994.8051418919,112994.8051418919,37654428802.949265
2025-08-28 13:02:20.506,2025-08-28,113220.30581858233,113220.30581858233,113220.30581858233,113220.30581858233,37287371968.780815
2025-08-28 14:02:50.627,2025-08-28,112807.00850651073,112807.00850651073,112807.00850651073,112807.00850651073,39908556193.16241
2025-08-28 15:02:09.969,2025-08-28,113127.76497911806,113127.76497911806,113127.76497911806,113127.76497911806,37353526013.734146
2025-08-28 16:00:38.390,2025-08-28,112672.54945390136,112672.54945390136,112672.54945390136,112672.54945390136,34425217153.24764
2025-08-28 17:02:30.192,2025-08-28,112471.39040607649,112471.39040607649,112471.39040607649,112471.39040607649,39018249397.41754
2025-08-28 18:02:53.202,2025-08-28,112395.34736845951,112395.34736845951,112395.34736845951,112395.34736845951,37854772180.5903
2025-08-28 19:02:40.347,2025-08-28,112405.27708292821,112405.27708292821,112405.27708292821,112405.27708292821,37976734048.801056
2025-08-28 20:03:07.060,2025-08-28,112053.8352679849,112053.8352679849,112053.8352679849,112053.8352679849,37677324696.43244
2025-08-28 21:00:57.725,2025-08-28,111946.7754584206,111946.7754584206,111946.7754584206,111946.7754584206,35230862659.003456
2025-08-28 22:02:02.118,2025-08-28,112029.05303062919,112029.05303062919,112029.05303062919,112029.05303062919,32600365860.87191
2025-08-28 23:02:22.849,2025-08-28,112406.3705221515,112406.3705221515,112406.3705221515,112406.3705221515,33659831754.927155
2025-08-29 00:02:29.398,2025-08-29,112512.68098276858,112512.68098276858,112512.68098276858,112512.68098276858,34139897762.011417
2025-08-29 01:02:39.623,2025-08-29,112170.56839954754,112170.56839954754,112170.56839954754,112170.56839954754,33768111975.628925
2025-08-29 02:03:16.657,2025-08-29,111479.67155871727,111479.67155871727,111479.67155871727,111479.67155871727,34389419297.65558
2025-08-29 03:01:43.876,2025-08-29,111441.32035684185,111441.32035684185,111441.32035684185,111441.32035684185,34823298287.72117
2025-08-29 04:02:43.731,2025-08-29,111740.83258167285,111740.83258167285,111740.83258167285,111740.83258167285,34842440459.00299
2025-08-29 05:02:31.940,2025-08-29,111537.02447096257,111537.02447096257,111537.02447096257,111537.02447096257,33768921257.624115
2025-08-29 06:00:28.150,2025-08-29,111271.11086371409,111271.11086371409,111271.11086371409,111271.11086371409,34037493496.90648
2025-08-29 07:02:52.036,2025-08-29,111229.55686331021,111229.55686331021,111229.55686331021,111229.55686331021,35221913089.23817
2025-08-29 08:02:52.950,2025-08-29,110056.44930497855,110056.44930497855,110056.44930497855,110056.44930497855,36760193445.6029
2025-08-29 09:03:03.017,2025-08-29,109672.50963999434,109672.50963999434,109672.50963999434,109672.50963999434,38816734490.17289
2025-08-29 10:02:44.710,2025-08-29,109833.99427650348,109833.99427650348,109833.99427650348,109833.99427650348,40169446939.04035
2025-08-29 11:02:08.708,2025-08-29,110038.85542257076,110038.85542257076,110038.85542257076,110038.85542257076,39827564101.86447
2025-08-29 12:00:26.385,2025-08-29,110063.0908605544,110063.0908605544,110063.0908605544,110063.0908605544,39885681071.848145
2025-08-29 13:02:48.834,2025-08-29,110692.1003713299,110692.1003713299,110692.1003713299,110692.1003713299,42420567743.667595
2025-08-29 14:00:35.093,2025-08-29,109303.46797708416,109303.46797708416,109303.46797708416,109303.46797708416,41377164300.95963
2025-08-29 15:01:45.382,2025-08-29,108197.66095291973,108197.66095291973,108197.66095291973,108197.66095291973,45076627702.98817
2025-08-29 16:01:50.634,2025-08-29,108417.70949438454,108417.70949438454,108417.70949438454,108417.70949438454,47333942473.832695
2025-08-29 17:02:12.775,2025-08-29,108664.15066466853,108664.15066466853,108664.15066466853,108664.15066466853,48150774363.94828
2025-08-29 18:02:46.331,2025-08-29,108532.50275425,108532.50275425,108532.50275425,108532.50275425,48230422333.300644
2025-08-29 19:02:28.319,2025-08-29,108103.23157683069,108103.23157683069,108103.23157683069,108103.23157683069,48061925178.644104
2025-08-29 20:02:35.710,2025-08-29,108355.62145451456,108355.62145451456,108355.62145451456,108355.62145451456,47259531400.754684
2025-08-29 21:02:19.480,2025-08-29,107696.08632642716,107696.08632642716,107696.08632642716,107696.08632642716,50811940788.65954
2025-08-29 22:02:28.528,2025-08-29,108446.3745473655,108446.3745473655,108446.3745473655,108446.3745473655,51880448639.82971
2025-08-29 23:02:29.328,2025-08-29,108268.4161096884,108268.4161096884,108268.4161096884,108268.4161096884,51844407718.36738
2025-08-30 00:02:01.833,2025-08-30,108335.63315175903,108335.63315175903,108335.63315175903,108335.63315175903,51741794008.06818
2025-08-30 01:02:27.033,2025-08-30,108246.54166839329,108246.54166839329,108246.54166839329,108246.54166839329,51498913659.0893
2025-08-30 02:02:29.563,2025-08-30,107689.75218525807,107689.75218525807,107689.75218525807,107689.75218525807,53083147690.21834
2025-08-30 03:02:34.887,2025-08-30,107794.37105723779,107794.37105723779,107794.37105723779,107794.37105723779,51875285237.248314
2025-08-30 04:02:20.481,2025-08-30,108442.92966971411,108442.92966971411,108442.92966971411,108442.92966971411,53252521322.71203
2025-08-30 05:02:24.360,2025-08-30,108443.38056994171,108443.38056994171,108443.38056994171,108443.38056994171,53218662843.688416
2025-08-30 06:02:36.883,2025-08-30,108345.4375230552,108345.4375230552,108345.4375230552,108345.4375230552,54814126047.11579
2025-08-30 07:01:05.380,2025-08-30,108283.01212750797,108283.01212750797,108283.01212750797,108283.01212750797,53421451835.42833
2025-08-30 08:02:23.680,2025-08-30,108491.06437226555,108491.06437226555,108491.06437226555,108491.06437226555,51662840812.54373
2025-08-30 09:02:16.391,2025-08-30,108574.51261194066,108574.51261194066,108574.51261194066,108574.51261194066,50216160288.43795
2025-08-30 10:02:55.412,2025-08-30,108584.54577285751,108584.54577285751,108584.54577285751,108584.54577285751,48347739138.0621
2025-08-30 11:02:58.802,2025-08-30,108407.80021252781,108407.80021252781,108407.80021252781,108407.80021252781,48368078193.23883
2025-08-30 12:01:32.535,2025-08-30,108690.68452327688,108690.68452327688,108690.68452327688,108690.68452327688,47698491675.28313
2025-08-30 13:02:01.832,2025-08-30,108604.49554206168,108604.49554206168,108604.49554206168,108604.49554206168,45521842478.83767
2025-08-30 14:02:26.521,2025-08-30,108489.97606722396,108489.97606722396,108489.97606722396,108489.97606722396,45017094391.909134
2025-08-30 15:02:34.465,2025-08-30,108696.33053225471,108696.33053225471,108696.33053225471,108696.33053225471,38790353534.64288
2025-08-30 16:05:52.490,2025-08-30,108828.81267275482,108828.81267275482,108828.81267275482,108828.81267275482,36477452706.25169
2025-08-30 17:06:16.442,2025-08-30,108853.56250612278,108853.56250612278,108853.56250612278,108853.56250612278,35045326213.40083
2025-08-30 18:02:25.139,2025-08-30,108784.69009733132,108784.69009733132,108784.69009733132,108784.69009733132,33964998632.29449
2025-08-30 19:02:11.544,2025-08-30,108831.02435122912,108831.02435122912,108831.02435122912,108831.02435122912,33485365098.569847
2025-08-30 20:02:15.205,2025-08-30,108824.11532343693,108824.11532343693,108824.11532343693,108824.11532343693,31998341771.74229
2025-08-30 21:02:30.339,2025-08-30,108634.16964133283,108634.16964133283,108634.16964133283,108634.16964133283,29303586117.40271
2025-08-30 22:02:17.632,2025-08-30,108582.27751660284,108582.27751660284,108582.27751660284,108582.27751660284,28208799907.59237
2025-08-30 23:02:29.444,2025-08-30,108541.98755698749,108541.98755698749,108541.98755698749,108541.98755698749,27678509334.769215
2025-08-31 00:01:31.633,2025-08-31,108781.95727925687,108781.95727925687,108781.95727925687,108781.95727925687,27799981330.792213
2025-08-31 01:02:00.896,2025-08-31,109321.61315448761,109321.61315448761,109321.61315448761,109321.61315448761,29033453635.819065
2025-08-31 02:01:57.846,2025-08-31,109453.20512620649,109453.20512620649,109453.20512620649,109453.20512620649,28102043551.20417
2025-08-31 03:00:42.817,2025-08-31,109204.05685309111,109204.05685309111,109204.05685309111,109204.05685309111,26814296856.504772
2025-08-31 04:02:43.963,2025-08-31,109176.75567483262,109176.75567483262,109176.75567483262,109176.75567483262,25402349785.580326
2025-08-31 05:01:41.261,2025-08-31,108801.68875379856,108801.68875379856,108801.68875379856,108801.68875379856,23401688003.84472
2025-08-31 06:02:43.952,2025-08-31,108726.08748773241,108726.08748773241,108726.08748773241,108726.08748773241,23313271591.01201
2025-08-31 07:00:59.485,2025-08-31,108714.57164084422,108714.57164084422,108714.57164084422,108714.57164084422,22719126887.276665
2025-08-31 08:02:44.758,2025-08-31,108706.45025808786,108706.45025808786,108706.45025808786,108706.45025808786,21849919398.95163
2025-08-31 09:02:36.863,2025-08-31,109005.61709478054,109005.61709478054,109005.61709478054,109005.61709478054,21300151841.967514
2025-08-31 10:01:49.930,2025-08-31,108509.82249097874,108509.82249097874,108509.82249097874,108509.82249097874,21996852442.668564
2025-08-31 11:02:06.758,2025-08-31,108569.40786727174,108569.40786727174,108569.40786727174,108569.40786727174,22739406517.75219
2025-08-31 12:03:42.688,2025-08-31,108381.3200095023,108381.3200095023,108381.3200095023,108381.3200095023,22529243338.752674
2025-08-31 13:00:48.031,2025-08-31,108323.515018761,108323.515018761,108323.515018761,108323.515018761,22917168746.38633
2025-08-31 14:02:18.122,2025-08-31,108350.98314626004,108350.98314626004,108350.98314626004,108350.98314626004,22706517324.76821
2025-08-31 15:01:41.914,2025-08-31,108462.07683097602,108462.07683097602,108462.07683097602,108462.07683097602,23208644520.44194
2025-08-31 16:02:21.408,2025-08-31,108786.16404496257,108786.16404496257,108786.16404496257,108786.16404496257,23763845555.553215
2025-08-31 17:00:37.043,2025-08-31,108949.12666027468,108949.12666027468,108949.12666027468,108949.12666027468,24060525660.591053
2025-08-31 18:01:11.785,2025-08-31,108979.48633378587,108979.48633378587,108979.48633378587,108979.48633378587,24300747401.85449
2025-08-31 19:01:52.435,2025-08-31,109131.67937094519,109131.67937094519,109131.67937094519,109131.67937094519,24649517934.416943
2025-08-31 20:00:32.327,2025-08-31,108922.73073924262,108922.73073924262,108922.73073924262,108922.73073924262,24754526142.754795
2025-08-31 21:02:37.565,2025-08-31,109066.36655120115,109066.36655120115,109066.36655120115,109066.36655120115,24902315647.423786
2025-08-31 22:01:38.716,2025-08-31,109026.24716432432,109026.24716432432,109026.24716432432,109026.24716432432,24831479032.902283
2025-08-31 23:02:10.273,2025-08-31,108867.78018188462,108867.78018188462,108867.78018188462,108867.78018188462,25405802959.944466
2025-09-01 00:01:24.782,2025-09-01,108253.36092385623,108253.36092385623,108253.36092385623,108253.36092385623,26140904019.246822
2025-09-01 01:00:12.717,2025-09-01,108320.52812654947,108320.52812654947,108320.52812654947,108320.52812654947,26939745090.092907
2025-09-01 02:02:30.453,2025-09-01,108163.58489380409,108163.58489380409,108163.58489380409,108163.58489380409,27146392273.101738
2025-09-01 03:02:20.902,2025-09-01,107556.16168412984,107556.16168412984,107556.16168412984,107556.16168412984,28574809879.725266
2025-09-01 04:02:26.682,2025-09-01,107633.57490420509,107633.57490420509,107633.57490420509,107633.57490420509,29546385809.233013
2025-09-01 05:02:44.431,2025-09-01,107414.44225002972,107414.44225002972,107414.44225002972,107414.44225002972,29693713477.104195
2025-09-01 06:02:01.276,2025-09-01,107871.05404069647,107871.05404069647,107871.05404069647,107871.05404069647,29780527713.80739
2025-09-01 07:02:49.849,2025-09-01,108078.81452214558,108078.81452214558,108078.81452214558,108078.81452214558,30186701046.11113
2025-09-01 08:02:19.232,2025-09-01,109681.77674236635,109681.77674236635,109681.77674236635,109681.77674236635,32259670269.84683
2025-09-01 09:00:30.775,2025-09-01,109587.934559032,109587.934559032,109587.934559032,109587.934559032,34610030831.54151
2025-09-01 10:02:13.227,2025-09-01,109486.05714102903,109486.05714102903,109486.05714102903,109486.05714102903,35279692317.00584
2025-09-01 11:02:39.678,2025-09-01,108458.76073645355,108458.76073645355,108458.76073645355,108458.76073645355,35637850441.66568
2025-09-01 12:03:15.291,2025-09-01,108805.92705885452,108805.92705885452,108805.92705885452,108805.92705885452,36946032722.240685
2025-09-01 13:02:21.473,2025-09-01,109093.75981654036,109093.75981654036,109093.75981654036,109093.75981654036,36288025415.475876
2025-09-01 14:00:34.233,2025-09-01,109035.84305435362,109035.84305435362,109035.84305435362,109035.84305435362,37681784866.612236
2025-09-01 15:02:49.312,2025-09-01,109120.00176174857,109120.00176174857,109120.00176174857,109120.00176174857,37973191179.64358
2025-09-01 16:02:21.157,2025-09-01,108765.47559602367,108765.47559602367,108765.47559602367,108765.47559602367,37767899828.509384
2025-09-01 17:02:52.894,2025-09-01,108785.43945433143,108785.43945433143,108785.43945433143,108785.43945433143,37674181975.1417
2025-09-01 18:02:08.376,2025-09-01,108975.28057912663,108975.28057912663,108975.28057912663,108975.28057912663,38848511275.559296
2025-09-01 19:02:03.872,2025-09-01,109207.51781442288,109207.51781442288,109207.51781442288,109207.51781442288,38967802105.48368
2025-09-01 20:02:57.594,2025-09-01,109204.42725358241,109204.42725358241,109204.42725358241,109204.42725358241,39354256060.9119
2025-09-01 21:02:29.368,2025-09-01,108788.1369067164,108788.1369067164,108788.1369067164,108788.1369067164,39790930249.986115
2025-09-01 22:02:49.981,2025-09-01,107541.65849979663,107541.65849979663,107541.65849979663,107541.65849979663,41358098301.05116
2025-09-01 23:02:16.249,2025-09-01,108482.11328514619,108482.11328514619,108482.11328514619,108482.11328514619,42682976305.36794
2025-09-02 00:01:41.321,2025-09-02,109229.01454657852,109229.01454657852,109229.01454657852,109229.01454657852,42975514422.98866
2025-09-02 01:02:48.255,2025-09-02,108952.08689715006,108952.08689715006,108952.08689715006,108952.08689715006,42252631533.02217
2025-09-02 02:00:35.785,2025-09-02,109347.43818283039,109347.43818283039,109347.43818283039,109347.43818283039,42478070701.62437
2025-09-02 03:02:17.258,2025-09-02,110126.0261441361,110126.0261441361,110126.0261441361,110126.0261441361,41133474526.634155
2025-09-02 04:01:46.325,2025-09-02,110323.3499221054,110323.3499221054,110323.3499221054,110323.3499221054,41327857600.22205
2025-09-02 05:00:56.804,2025-09-02,110282.97208189468,110282.97208189468,110282.97208189468,110282.97208189468,43160571023.644066
2025-09-02 06:01:47.793,2025-09-02,110199.68647261267,110199.68647261267,110199.68647261267,110199.68647261267,42486808818.20932
2025-09-02 07:02:46.343,2025-09-02,110380.87922012652,110380.87922012652,110380.87922012652,110380.87922012652,42909908661.92955
2025-09-02 08:02:20.751,2025-09-02,110240.90474210342,110240.90474210342,110240.90474210342,110240.90474210342,41440487238.99937
2025-09-02 09:02:42.812,2025-09-02,110501.87939511362,110501.87939511362,110501.87939511362,110501.87939511362,41126399730.895424
2025-09-02 10:02:34.167,2025-09-02,110323.5694182885,110323.5694182885,110323.5694182885,110323.5694182885,40331103856.44672
2025-09-02 11:02:50.170,2025-09-02,110224.18772803468,110224.18772803468,110224.18772803468,110224.18772803468,39453595624.584114
2025-09-02 12:03:14.011,2025-09-02,109726.00873584817,109726.00873584817,109726.00873584817,109726.00873584817,39792321232.210625
2025-09-02 13:01:48.742,2025-09-02,108798.9523326062,108798.9523326062,108798.9523326062,108798.9523326062,41230783413.90047
2025-09-02 14:02:41.038,2025-09-02,111179.85922212347,111179.85922212347,111179.85922212347,111179.85922212347,45601955229.269356
2025-09-02 15:03:03.871,2025-09-02,111219.97499967607,111219.97499967607,111219.97499967607,111219.97499967607,49060038252.72969
2025-09-02 16:02:53.325,2025-09-02,110752.34200139604,110752.34200139604,110752.34200139604,110752.34200139604,49852248517.37833
2025-09-02 17:02:37.694,2025-09-02,110685.14905874166,110685.14905874166,110685.14905874166,110685.14905874166,51533866868.92299
2025-09-02 18:02:36.531,2025-09-02,110911.5875191018,110911.5875191018,110911.5875191018,110911.5875191018,52393664887.324005
2025-09-02 19:00:18.522,2025-09-02,110770.90169530436,110770.90169530436,110770.90169530436,110770.90169530436,53064032731.85176
2025-09-02 20:02:29.676,2025-09-02,110752.30345394339,110752.30345394339,110752.30345394339,110752.30345394339,53691743130.36534
2025-09-02 21:02:41.867,2025-09-02,111395.0416549949,111395.0416549949,111395.0416549949,111395.0416549949,53616442866.75391
2025-09-02 22:02:51.730,2025-09-02,111229.74542463121,111229.74542463121,111229.74542463121,111229.74542463121,52260332540.92811
2025-09-02 23:03:10.238,2025-09-02,111215.73957482145,111215.73957482145,111215.73957482145,111215.73957482145,51731867645.593094
2025-09-03 00:02:05.883,2025-09-03,111190.18209845416,111190.18209845416,111190.18209845416,111190.18209845416,50235464642.845955
2025-09-03 01:02:36.310,2025-09-03,111293.33020706818,111293.33020706818,111293.33020706818,111293.33020706818,51411197688.295265
2025-09-03 02:06:24.653,2025-09-03,111258.43974877219,111258.43974877219,111258.43974877219,111258.43974877219,51045799449.48229
2025-09-03 03:02:54.300,2025-09-03,111449.58776719635,111449.58776719635,111449.58776719635,111449.58776719635,50339554440.62963
2025-09-03 04:02:18.432,2025-09-03,111073.76440450834,111073.76440450834,111073.76440450834,111073.76440450834,48905037738.05066
2025-09-03 05:02:04.872,2025-09-03,111022.13108320645,111022.13108320645,111022.13108320645,111022.13108320645,48453537307.840515
2025-09-03 06:02:24.677,2025-09-03,110690.27811220792,110690.27811220792,110690.27811220792,110690.27811220792,48170243574.75439
2025-09-03 07:00:50.402,2025-09-03,110715.8475663248,110715.8475663248,110715.8475663248,110715.8475663248,48537235719.778854
2025-09-03 08:03:05.322,2025-09-03,111063.31054657558,111063.31054657558,111063.31054657558,111063.31054657558,48387859950.49874
2025-09-03 09:02:23.543,2025-09-03,111048.52630450387,111048.52630450387,111048.52630450387,111048.52630450387,47409668671.6099
2025-09-03 10:01:38.723,2025-09-03,111220.79113440216,111220.79113440216,111220.79113440216,111220.79113440216,47524222577.74422
2025-09-03 11:01:34.069,2025-09-03,111429.0149929462,111429.0149929462,111429.0149929462,111429.0149929462,47463914140.75814
2025-09-03 12:01:51.446,2025-09-03,111471.8919740125,111471.8919740125,111471.8919740125,111471.8919740125,46824208669.818794
2025-09-03 13:01:07.943,2025-09-03,111114.70760674683,111114.70760674683,111114.70760674683,111114.70760674683,44650050071.35739
2025-09-03 14:02:08.206,2025-09-03,111613.00928344786,111613.00928344786,111613.00928344786,111613.00928344786,41678089153.817184
2025-09-03 15:02:18.752,2025-09-03,112237.33178864852,112237.33178864852,112237.33178864852,112237.33178864852,40965697600.60015
2025-09-03 16:02:35.957,2025-09-03,112291.2372439524,112291.2372439524,112291.2372439524,112291.2372439524,40024806512.297
2025-09-03 17:01:45.809,2025-09-03,111862.09489873982,111862.09489873982,111862.09489873982,111862.09489873982,38927035055.95668
2025-09-03 18:02:13.257,2025-09-03,112380.36963798928,112380.36963798928,112380.36963798928,112380.36963798928,39107707422.446625
2025-09-03 19:02:42.883,2025-09-03,111946.43532850184,111946.43532850184,111946.43532850184,111946.43532850184,38513091871.041245
2025-09-03 20:01:42.289,2025-09-03,112156.22411756216,112156.22411756216,112156.22411756216,112156.22411756216,37899748906.660835
2025-09-03 21:01:43.614,2025-09-03,112230.16036562622,112230.16036562622,112230.16036562622,112230.16036562622,37368750339.47778
2025-09-03 22:02:36.107,2025-09-03,111983.70838738313,111983.70838738313,111983.70838738313,111983.70838738313,36983547604.365234
2025-09-03 23:00:51.790,2025-09-03,111953.69701327455,111953.69701327455,111953.69701327455,111953.69701327455,35815701332.95738
2025-09-04 00:02:12.999,2025-09-04,111751.64761020488,111751.64761020488,111751.64761020488,111751.64761020488,35744889958.41187
2025-09-04 01:02:30.937,2025-09-04,112072.79984901128,112072.79984901128,112072.79984901128,112072.79984901128,35507094876.159225
2025-09-04 02:02:39.714,2025-09-04,111853.88232508626,111853.88232508626,111853.88232508626,111853.88232508626,34821233328.577614
2025-09-04 03:06:01.356,2025-09-04,111492.64500777487,111492.64500777487,111492.64500777487,111492.64500777487,34296026729.778328
2025-09-04 04:02:06.641,2025-09-04,111177.66463784108,111177.66463784108,111177.66463784108,111177.66463784108,34554673805.909584
2025-09-04 05:02:17.772,2025-09-04,111127.46726016133,111127.46726016133,111127.46726016133,111127.46726016133,35112664111.04018
2025-09-04 06:01:39.515,2025-09-04,110686.91790192894,110686.91790192894,110686.91790192894,110686.91790192894,36342875553.5102
2025-09-04 07:01:57.946,2025-09-04,110409.54924363771,110409.54924363771,110409.54924363771,110409.54924363771,36128291652.460686
2025-09-04 08:01:17.204,2025-09-04,110505.55001973202,110505.55001973202,110505.55001973202,110505.55001973202,36276949140.78687
2025-09-04 09:01:50.684,2025-09-04,110705.26361377492,110705.26361377492,110705.26361377492,110705.26361377492,36395455721.94865
2025-09-04 10:00:46.715,2025-09-04,110805.39711272641,110805.39711272641,110805.39711272641,110805.39711272641,36297788281.80186
2025-09-04 11:02:07.548,2025-09-04,110646.5304182009,110646.5304182009,110646.5304182009,110646.5304182009,36485315732.230125
2025-09-04 12:02:26.330,2025-09-04,110846.35249628387,110846.35249628387,110846.35249628387,110846.35249628387,36063388073.74252
2025-09-04 13:02:04.928,2025-09-04,110785.36909714933,110785.36909714933,110785.36909714933,110785.36909714933,35360484735.18598
2025-09-04 14:02:50.366,2025-09-04,110448.69917910869,110448.69917910869,110448.69917910869,110448.69917910869,35334162966.84137
2025-09-04 15:02:40.710,2025-09-04,109969.81043799862,109969.81043799862,109969.81043799862,109969.81043799862,35497795139.60502
2025-09-04 16:02:19.147,2025-09-04,109624.55017607489,109624.55017607489,109624.55017607489,109624.55017607489,35748504353.92695
2025-09-04 17:02:06.619,2025-09-04,109497.72346906656,109497.72346906656,109497.72346906656,109497.72346906656,36124744077.64989
2025-09-04 18:01:55.923,2025-09-04,109803.09786995356,109803.09786995356,109803.09786995356,109803.09786995356,35850845547.280785
2025-09-04 19:02:32.833,2025-09-04,110023.3144941601,110023.3144941601,110023.3144941601,110023.3144941601,36276085165.40989
2025-09-04 20:02:18.203,2025-09-04,109873.8930916779,109873.8930916779,109873.8930916779,109873.8930916779,36457082321.1991
2025-09-04 21:02:37.381,2025-09-04,110403.23903480718,110403.23903480718,110403.23903480718,110403.23903480718,36649094667.6267
2025-09-04 22:02:18.060,2025-09-04,110542.44225608995,110542.44225608995,110542.44225608995,110542.44225608995,36630907974.85427
2025-09-04 23:01:18.591,2025-09-04,111490.51479289168,111490.51479289168,111490.51479289168,111490.51479289168,34059018537.82736
2025-09-05 00:02:23.793,2025-09-05,110752.04142516552,110752.04142516552,110752.04142516552,110752.04142516552,38212967193.45803
2025-09-05 01:02:10.018,2025-09-05,110546.35219584999,110546.35219584999,110546.35219584999,110546.35219584999,38685929829.03398
2025-09-05 02:02:10.682,2025-09-05,111123.18893239835,111123.18893239835,111123.18893239835,111123.18893239835,38573284586.477776
2025-09-05 03:01:08.501,2025-09-05,111365.16616946645,111365.16616946645,111365.16616946645,111365.16616946645,39365765954.398
2025-09-05 04:01:49.929,2025-09-05,111320.95589222391,111320.95589222391,111320.95589222391,111320.95589222391,38066054056.70661
2025-09-05 05:02:29.608,2025-09-05,111443.83629951079,111443.83629951079,111443.83629951079,111443.83629951079,38544585266.21264
2025-09-05 06:02:29.751,2025-09-05,111562.752756278,111562.752756278,111562.752756278,111562.752756278,38085323909.95735
2025-09-05 07:01:50.932,2025-09-05,111900.94104148331,111900.94104148331,111900.94104148331,111900.94104148331,38071660662.56971
2025-09-05 08:01:21.653,2025-09-05,112964.68755449636,112964.68755449636,112964.68755449636,112964.68755449636,41636817232.30524
2025-09-05 09:02:08.103,2025-09-05,112620.51184991721,112620.51184991721,112620.51184991721,112620.51184991721,42163714659.18779
2025-09-05 10:02:46.344,2025-09-05,112258.88398574904,112258.88398574904,112258.88398574904,112258.88398574904,42803620360.907196
2025-09-05 11:01:05.918,2025-09-05,112259.72880567885,112259.72880567885,112259.72880567885,112259.72880567885,43209266819.80015
2025-09-05 12:01:53.266,2025-09-05,112361.22450543038,112361.22450543038,112361.22450543038,112361.22450543038,42899424320.11482
2025-09-05 13:01:41.629,2025-09-05,113225.00021261438,113225.00021261438,113225.00021261438,113225.00021261438,48174590378.96761
2025-09-05 14:00:35.860,2025-09-05,113034.03215529391,113034.03215529391,113034.03215529391,113034.03215529391,51114731076.39385
2025-09-05 15:02:24.774,2025-09-05,110514.16200241748,110514.16200241748,110514.16200241748,110514.16200241748,55135744608.14827
2025-09-05 16:02:31.198,2025-09-05,110663.4511588435,110663.4511588435,110663.4511588435,110663.4511588435,55743674674.83194
2025-09-05 17:01:41.538,2025-09-05,110781.59184322049,110781.59184322049,110781.59184322049,110781.59184322049,55325252108.37847
2025-09-05 18:02:09.092,2025-09-05,110611.41463627842,110611.41463627842,110611.41463627842,110611.41463627842,55378751317.60669
2025-09-05 19:00:22.497,2025-09-05,111192.72160309477,111192.72160309477,111192.72160309477,111192.72160309477,55354227177.276405
2025-09-05 20:02:13.483,2025-09-05,111445.2502071209,111445.2502071209,111445.2502071209,111445.2502071209,55265116440.76801
2025-09-05 21:01:36.455,2025-09-05,111619.38620235208,111619.38620235208,111619.38620235208,111619.38620235208,56294798104.610176
2025-09-05 22:01:14.446,2025-09-05,110624.30953942804,110624.30953942804,110624.30953942804,110624.30953942804,60026179765.83012
2025-09-05 23:01:46.139,2025-09-05,110813.80860700153,110813.80860700153,110813.80860700153,110813.80860700153,57671348597.39009
2025-09-06 00:01:45.984,2025-09-06,110656.308978032,110656.308978032,110656.308978032,110656.308978032,56279867722.83904
2025-09-06 01:01:46.826,2025-09-06,110782.9680650024,110782.9680650024,110782.9680650024,110782.9680650024,55910183111.029686
2025-09-06 02:00:34.752,2025-09-06,110873.87504986444,110873.87504986444,110873.87504986444,110873.87504986444,55455746900.821976
2025-09-06 03:00:04.301,2025-09-06,111103.49983851465,111103.49983851465,111103.49983851465,111103.49983851465,54295816799.40323
2025-09-06 04:01:28.975,2025-09-06,111070.9293275909,111070.9293275909,111070.9293275909,111070.9293275909,54533491619.667984
2025-09-06 05:02:29.789,2025-09-06,110856.40824808505,110856.40824808505,110856.40824808505,110856.40824808505,53616129175.04189
2025-09-06 06:02:30.726,2025-09-06,110725.91196503112,110725.91196503112,110725.91196503112,110725.91196503112,52338464271.293655
2025-09-06 07:01:32.833,2025-09-06,110772.86794074306,110772.86794074306,110772.86794074306,110772.86794074306,52468079435.18894
2025-09-06 08:00:18.841,2025-09-06,110817.2532145556,110817.2532145556,110817.2532145556,110817.2532145556,48616091927.56959
2025-09-06 09:01:42.910,2025-09-06,110948.47286442367,110948.47286442367,110948.47286442367,110948.47286442367,46653323093.22982
2025-09-06 10:06:12.321,2025-09-06,110697.41836548288,110697.41836548288,110697.41836548288,110697.41836548288,45895052664.64397
2025-09-06 11:02:05.458,2025-09-06,110766.63559733458,110766.63559733458,110766.63559733458,110766.63559733458,44820230415.71124
2025-09-06 12:05:43.984,2025-09-06,110770.07248515126,110770.07248515126,110770.07248515126,110770.07248515126,44459477448.36168
2025-09-06 13:01:36.883,2025-09-06,110833.08962160254,110833.08962160254,110833.08962160254,110833.08962160254,38704981967.74746
2025-09-06 14:02:41.596,2025-09-06,110944.93163333445,110944.93163333445,110944.93163333445,110944.93163333445,34569889763.94294
2025-09-06 15:02:18.567,2025-09-06,110832.31716394494,110832.31716394494,110832.31716394494,110832.31716394494,27598857485.673916
2025-09-06 16:02:46.462,2025-09-06,110417.35028698956,110417.35028698956,110417.35028698956,110417.35028698956,25700447380.075794
2025-09-06 17:02:43.915,2025-09-06,110256.24911657201,110256.24911657201,110256.24911657201,110256.24911657201,26772458462.536053
2025-09-06 18:03:04.384,2025-09-06,110175.86574226645,110175.86574226645,110175.86574226645,110175.86574226645,25706003423.81639
2025-09-06 19:02:31.580,2025-09-06,110265.97583337485,110265.97583337485,110265.97583337485,110265.97583337485,25240147712.461895
2025-09-06 20:02:44.905,2025-09-06,110054.77331373848,110054.77331373848,110054.77331373848,110054.77331373848,23410399016.24091
2025-09-06 21:02:55.860,2025-09-06,110174.33371417443,110174.33371417443,110174.33371417443,110174.33371417443,22365801629.629494
2025-09-06 22:02:14.384,2025-09-06,110235.30370196157,110235.30370196157,110235.30370196157,110235.30370196157,19891442753.546387
2025-09-06 23:02:07.526,2025-09-06,110175.25026599839,110175.25026599839,110175.25026599839,110175.25026599839,19485066431.506992
2025-09-07 00:02:17.296,2025-09-07,110223.83395870344,110223.83395870344,110223.83395870344,110223.83395870344,19347672148.33057
2025-09-07 01:01:58.687,2025-09-07,110367.90950933227,110367.90950933227,110367.90950933227,110367.90950933227,19240307881.05413
2025-09-07 02:02:12.075,2025-09-07,110581.74308347162,110581.74308347162,110581.74308347162,110581.74308347162,19400177876.567787
2025-09-07 03:02:27.533,2025-09-07,110666.85100536971,110666.85100536971,110666.85100536971,110666.85100536971,19661219149.333897
2025-09-07 04:02:46.700,2025-09-07,110619.14326203972,110619.14326203972,110619.14326203972,110619.14326203972,19301596873.710617
2025-09-07 05:02:15.879,2025-09-07,110563.51042806412,110563.51042806412,110563.51042806412,110563.51042806412,19160352766.61847
2025-09-07 06:01:39.926,2025-09-07,110660.43142974885,110660.43142974885,110660.43142974885,110660.43142974885,19268019536.141872
2025-09-07 07:06:26.947,2025-09-07,110523.24469913781,110523.24469913781,110523.24469913781,110523.24469913781,19256214557.531918
2025-09-07 08:00:25.454,2025-09-07,110724.89293566853,110724.89293566853,110724.89293566853,110724.89293566853,20333740487.523045
2025-09-07 09:02:27.833,2025-09-07,111081.23400933287,111081.23400933287,111081.23400933287,111081.23400933287,21795550900.528606
2025-09-07 10:01:47.596,2025-09-07,111120.66444717823,111120.66444717823,111120.66444717823,111120.66444717823,22363390960.647243
2025-09-07 11:02:40.755,2025-09-07,111233.74012205859,111233.74012205859,111233.74012205859,111233.74012205859,22620597540.48732
2025-09-07 12:02:11.486,2025-09-07,111280.13329637531,111280.13329637531,111280.13329637531,111280.13329637531,22693351671.805378
2025-09-07 13:02:14.457,2025-09-07,111116.19537609039,111116.19537609039,111116.19537609039,111116.19537609039,22798556282.876648
2025-09-07 14:00:44.693,2025-09-07,111202.50300098678,111202.50300098678,111202.50300098678,111202.50300098678,22839885033.798103
2025-09-07 15:02:54.926,2025-09-07,111118.80281737895,111118.80281737895,111118.80281737895,111118.80281737895,23210507598.653305
2025-09-07 16:02:44.718,2025-09-07,111347.47926907448,111347.47926907448,111347.47926907448,111347.47926907448,22707578383.229313
2025-09-07 17:02:06.397,2025-09-07,111201.3073627705,111201.3073627705,111201.3073627705,111201.3073627705,21031718901.14799
2025-09-07 18:00:47.830,2025-09-07,110968.97113583378,110968.97113583378,110968.97113583378,110968.97113583378,21077256334.334625
2025-09-07 19:01:36.735,2025-09-07,111057.5596575689,111057.5596575689,111057.5596575689,111057.5596575689,21183633148.85097
2025-09-07 20:02:33.704,2025-09-07,111232.34796307397,111232.34796307397,111232.34796307397,111232.34796307397,21110412010.819794
2025-09-07 21:02:11.218,2025-09-07,111325.77408290895,111325.77408290895,111325.77408290895,111325.77408290895,21317052372.698402
2025-09-07 22:05:31.023,2025-09-07,111096.43172052184,111096.43172052184,111096.43172052184,111096.43172052184,21271491889.944855
2025-09-07 23:02:14.758,2025-09-07,111271.50729228156,111271.50729228156,111271.50729228156,111271.50729228156,21459138328.813354
2025-09-08 00:02:07.086,2025-09-08,111133.09269636446,111133.09269636446,111133.09269636446,111133.09269636446,21988077810.186073
2025-09-08 01:01:38.575,2025-09-08,110836.31395611238,110836.31395611238,110836.31395611238,110836.31395611238,22779262875.978676
2025-09-08 02:02:40.459,2025-09-08,110858.36729079825,110858.36729079825,110858.36729079825,110858.36729079825,23312743691.560066
2025-09-08 03:02:16.472,2025-09-08,111245.9380531357,111245.9380531357,111245.9380531357,111245.9380531357,23783939273.510925
2025-09-08 05:02:07.561,2025-09-08,110952.3755840546,110952.3755840546,110952.3755840546,110952.3755840546,25093707651.39224
2025-09-08 06:01:40.640,2025-09-08,111020.74120294617,111020.74120294617,111020.74120294617,111020.74120294617,25077337807.208366
2025-09-08 07:02:31.739,2025-09-08,111150.0833279388,111150.0833279388,111150.0833279388,111150.0833279388,25002503890.298523
2025-09-08 08:03:11.771,2025-09-08,111249.96720226432,111249.96720226432,111249.96720226432,111249.96720226432,25643053103.267696
2025-09-08 09:02:09.078,2025-09-08,111630.32037940944,111630.32037940944,111630.32037940944,111630.32037940944,25947750847.363655
2025-09-08 10:01:05.734,2025-09-08,112045.71769353836,112045.71769353836,112045.71769353836,112045.71769353836,26973898736.619606
2025-09-08 11:01:59.697,2025-09-08,112019.40012143513,112019.40012143513,112019.40012143513,112019.40012143513,28051676353.453552
2025-09-08 12:02:32.891,2025-09-08,112071.36935811849,112071.36935811849,112071.36935811849,112071.36935811849,28753634662.115593
2025-09-08 13:01:22.509,2025-09-08,112024.44759077854,112024.44759077854,112024.44759077854,112024.44759077854,28815570715.281376
2025-09-08 14:02:36.256,2025-09-08,111996.26686941311,111996.26686941311,111996.26686941311,111996.26686941311,31034974436.0205
2025-09-08 15:02:18.876,2025-09-08,112489.14407785248,112489.14407785248,112489.14407785248,112489.14407785248,32829126346.94566
2025-09-08 16:04:02.848,2025-09-08,112601.63757963854,112601.63757963854,112601.63757963854,112601.63757963854,34512590778.7366
2025-09-08 17:02:50.366,2025-09-08,112434.7369592822,112434.7369592822,112434.7369592822,112434.7369592822,35280246316.75314
2025-09-08 18:01:44.037,2025-09-08,112206.36301124805,112206.36301124805,112206.36301124805,112206.36301124805,35654370162.469406
2025-09-08 19:02:46.056,2025-09-08,112456.23416521978,112456.23416521978,112456.23416521978,112456.23416521978,36065437915.983536
2025-09-08 20:02:28.143,2025-09-08,112067.347001549,112067.347001549,112067.347001549,112067.347001549,36462958354.82013
2025-09-08 21:02:48.021,2025-09-08,112025.1685727209,112025.1685727209,112025.1685727209,112025.1685727209,36622800327.520905
2025-09-08 22:02:49.617,2025-09-08,112273.04214360457,112273.04214360457,112273.04214360457,112273.04214360457,37435716033.792336
2025-09-08 23:02:34.306,2025-09-08,112223.03656606357,112223.03656606357,112223.03656606357,112223.03656606357,37455213029.59858
2025-09-09 00:00:42.077,2025-09-09,112025.12878118771,112025.12878118771,112025.12878118771,112025.12878118771,37159847899.8603
2025-09-09 01:02:25.940,2025-09-09,111652.0713866927,111652.0713866927,111652.0713866927,111652.0713866927,37397075617.940674
2025-09-09 02:00:32.178,2025-09-09,111407.09074159958,111407.09074159958,111407.09074159958,111407.09074159958,37649577071.57709
2025-09-09 03:02:49.021,2025-09-09,111287.14885295804,111287.14885295804,111287.14885295804,111287.14885295804,38290383173.37138
2025-09-09 04:02:39.597,2025-09-09,111702.97471470888,111702.97471470888,111702.97471470888,111702.97471470888,37921869431.4049
2025-09-09 05:02:26.616,2025-09-09,112028.60805847727,112028.60805847727,112028.60805847727,112028.60805847727,38533245274.096085
2025-09-09 06:01:56.217,2025-09-09,112140.77309366502,112140.77309366502,112140.77309366502,112140.77309366502,39136969373.14936
2025-09-09 07:02:58.293,2025-09-09,113112.94201935548,113112.94201935548,113112.94201935548,113112.94201935548,41121725757.800415
2025-09-09 08:02:03.129,2025-09-09,113070.31854691613,113070.31854691613,113070.31854691613,113070.31854691613,42320796290.59368
2025-09-09 09:03:15.191,2025-09-09,112951.8697006361,112951.8697006361,112951.8697006361,112951.8697006361,41757607589.55739
2025-09-09 10:02:53.726,2025-09-09,112921.314592305,112921.314592305,112921.314592305,112921.314592305,40952314424.657425
2025-09-09 11:06:41.451,2025-09-09,112717.27875782315,112717.27875782315,112717.27875782315,112717.27875782315,40438918723.15573
2025-09-09 12:00:40.406,2025-09-09,112500.52744001287,112500.52744001287,112500.52744001287,112500.52744001287,40322510845.64381
2025-09-09 13:01:58.540,2025-09-09,112676.69684972118,112676.69684972118,112676.69684972118,112676.69684972118,40704219432.97959
2025-09-09 14:01:28.094,2025-09-09,112774.8919592429,112774.8919592429,112774.8919592429,112774.8919592429,40173764386.15783
2025-09-09 15:02:25.704,2025-09-09,111729.81552424721,111729.81552424721,111729.81552424721,111729.81552424721,42409238010.4897
2025-09-09 16:02:18.185,2025-09-09,110870.22649131795,110870.22649131795,110870.22649131795,110870.22649131795,43827326027.7457
2025-09-09 17:02:20.509,2025-09-09,110976.01267464506,110976.01267464506,110976.01267464506,110976.01267464506,41964080078.288536
2025-09-09 18:01:50.813,2025-09-09,111031.54556997617,111031.54556997617,111031.54556997617,111031.54556997617,44643447645.77995
2025-09-09 19:06:24.550,2025-09-09,111145.96752255705,111145.96752255705,111145.96752255705,111145.96752255705,44837927181.55925
2025-09-09 20:01:51.690,2025-09-09,111319.25301235504,111319.25301235504,111319.25301235504,111319.25301235504,43608542000.67873
2025-09-09 21:02:28.074,2025-09-09,111359.19585339191,111359.19585339191,111359.19585339191,111359.19585339191,45499174158.74415
2025-09-09 22:01:36.633,2025-09-09,111301.75137263995,111301.75137263995,111301.75137263995,111301.75137263995,45284255715.50244
2025-09-09 23:02:13.353,2025-09-09,111518.10122362581,111518.10122362581,111518.10122362581,111518.10122362581,45424092678.953285
2025-09-10 00:01:58.797,2025-09-10,111521.54423183508,111521.54423183508,111521.54423183508,111521.54423183508,45541394285.09113
2025-09-10 01:02:21.837,2025-09-10,111062.11173220031,111062.11173220031,111062.11173220031,111062.11173220031,44978803418.54875
2025-09-10 02:01:45.193,2025-09-10,111023.09957073671,111023.09957073671,111023.09957073671,111023.09957073671,44626236787.933395
2025-09-10 03:00:35.162,2025-09-10,111397.55074284918,111397.55074284918,111397.55074284918,111397.55074284918,44660584625.431725
2025-09-10 04:02:20.585,2025-09-10,111525.92713938442,111525.92713938442,111525.92713938442,111525.92713938442,44370196791.008965
2025-09-10 05:01:39.509,2025-09-10,111521.6910568116,111521.6910568116,111521.6910568116,111521.6910568116,43934536585.05142
2025-09-10 06:01:44.524,2025-09-10,111567.4027745938,111567.4027745938,111567.4027745938,111567.4027745938,44548341283.4381
2025-09-10 08:02:39.241,2025-09-10,112528.44834154386,112528.44834154386,112528.44834154386,112528.44834154386,43245970383.44663
2025-09-10 09:02:37.039,2025-09-10,112363.70010957935,112363.70010957935,112363.70010957935,112363.70010957935,45835673354.145256
2025-09-10 10:04:31.275,2025-09-10,112249.77986728513,112249.77986728513,112249.77986728513,112249.77986728513,44897884525.894356
2025-09-10 11:01:35.220,2025-09-10,112321.22186740591,112321.22186740591,112321.22186740591,112321.22186740591,44799883844.167
2025-09-10 12:02:35.564,2025-09-10,112255.32408911726,112255.32408911726,112255.32408911726,112255.32408911726,44940483568.56
2025-09-10 13:01:50.368,2025-09-10,113426.4487582137,113426.4487582137,113426.4487582137,113426.4487582137,51452890699.151825
2025-09-10 14:03:27.515,2025-09-10,113934.39669773277,113934.39669773277,113934.39669773277,113934.39669773277,51793903166.468666
2025-09-10 15:02:56.153,2025-09-10,113891.18838609783,113891.18838609783,113891.18838609783,113891.18838609783,52033947424.315186
2025-09-10 16:02:47.240,2025-09-10,113903.95331929345,113903.95331929345,113903.95331929345,113903.95331929345,49641977902.90345
2025-09-10 17:02:45.040,2025-09-10,113672.21437753727,113672.21437753727,113672.21437753727,113672.21437753727,49643553581.71262
2025-09-10 18:02:41.235,2025-09-10,113734.63302411242,113734.63302411242,113734.63302411242,113734.63302411242,50170441556.32816
2025-09-10 18:57:31.000,2025-09-10,113593.03075922778,113593.03075922778,113593.03075922778,113593.03075922778,50784018859.79892
